,1,2,3,4,5,6,7,8,9,10,11,12,13,14,15,16,17,18,19,20,21,22,23,24,25,26,27,28,29,30,31,32,33,34,35,36,37,38,39,40,41,42,43,44,45,46,47,48
No.,リンクID,長さ,幅（最少値）,歩道の有無,歩行者数,,庇,素材,MH/HH,,,グレーチング,,,点字B,街灯,,,電気ボックス,,,街路樹,,,移動できる障害物,,,移動できない障害物,,,電柱,,,標識,,,整備不良,,,Goproタイム,,,,,,,,
,,,,,平日,休日,,,700,1400,全部,700,1400,全部,,700,1400,全部,700,1400,全部,700,1400,全部,700,1400,全部,700,1400,全部,700,1400,全部,700,1400,全部,700,1400,全部,,腕橈骨筋（ＲＴ）,上腕二頭筋（ＲＴ）,上腕三頭筋（ＲＴ）,三角筋（ＲＴ）,腕橈骨筋（ＬＴ）,上腕二頭筋（ＬＴ）,上腕三頭筋（ＬＴ）,三角筋（ＬＴ）
1,0-1,8439.129,3315,1,0,0,0,3,2,5,6,0,0,1,1,0,0,0,0,0,0,0,0,0,0,0,0,0,0,0,0,0,1,0,0,1,0,0,0,10,210.77,173.75,424.17,819.52,315.17,398.32,631.5,512.51
2,1-0,,,,0,0,,,,,,,,,,,,,,,,,,,,,,,,,,,,,,,,,,12,232.76,182.01,316.56,727.05,463.29,421.06,630.33,525.4
3,0-2,45890.538,3131.8,1,3,2,0,3,4,9,14,0,0,0,0,0,0,3,0,0,0,0,2,2,0,0,0,0,1,4,0,0,4,0,0,1,0,0,0,40,975.04,838.4,1597.71,4037.63,1516.9,2534.18,3559.36,2871.26
4,2-0,,,,1,5,,,,,,,,,,,,,,,,,,,,,,,,,,,,,,,,,,45,902.8,851.99,1485.86,3452.23,1797.74,2426.07,3799.41,3305.35
5,2-3,7063.885,4500,1,0,0,0,0,1,1,1,0,0,0,0,0,0,0,0,0,0,0,0,0,0,0,0,0,0,0,0,0,0,0,0,0,0,0,0,0,1,1,1,1,1,1,1,1
6,3-2,,,,0,0,,,,,,,,,,,,,,,,,,,,,,,,,,,,,,,,,,0,1,1,1,1,1,1,1,1
7,3-4,52499.086,3623.4,1,4,3,0,3,2,4,8,0,0,0,0,0,0,4,0,0,1,0,3,3,0,0,6,0,1,6,0,0,1,0,0,2,0,0,0,42,936.68,862.7,1531.63,4541.12,1716.17,2845.87,2384.11,2802.69
8,4-3,,,,9,4,,,,,,,,,,,,,,,,,,,,,,,,,,,,,,,,,,59,1328.34,1052.56,2543.54,5066.96,2713.52,4112.14,3838.09,4061.77
9,4-5,6870.296,4500,1,0,0,0,0,0,0,0,0,0,0,0,0,0,0,0,0,0,0,0,0,0,0,0,0,0,0,0,0,0,0,0,0,0,0,0,0,1,1,1,1,1,1,1,1
10,5-4,,,,0,0,,,,,,,,,,,,,,,,,,,,,,,,,,,,,,,,,,0,1,1,1,1,1,1,1,1
11,5-6,7174.645,4500,1,3,0,0,3,0,0,0,0,0,0,0,0,0,0,0,0,0,0,0,0,0,0,0,0,0,1,0,0,1,0,0,0,0,0,0,5,1953.08,1909.64,3714.63,11394.65,3111.26,3993.14,6074.91,6328.81
12,6-5,,,,1,0,,,,,,,,,,,,,,,,,,,,,,,,,,,,,,,,,,7,2965.98,2242.93,5183.19,8808.96,4722.06,6738.85,8946.04,9335.02
13,6-7,2046.779,4500,1,0,0,0,3,0,0,0,0,0,0,0,0,0,0,0,0,0,0,0,0,0,0,0,0,0,0,0,0,0,0,0,0,0,0,0,0,1,1,1,1,1,1,1,1
14,7-6,,,,0,0,,,,,,,,,,,,,,,,,,,,,,,,,,,,,,,,,,0,1,1,1,1,1,1,1,1
15,6-10,33332.301,3588.1,1,3,0,0,3,1,2,4,0,0,0,0,0,0,0,0,0,1,0,0,0,0,0,8,0,0,1,0,0,2,0,0,1,0,0,0,27,1953.08,1909.64,3714.63,11394.65,3111.26,3993.14,6074.91,6328.81
16,10-6,,,,3,2,,,,,,,,,,,,,,,,,,,,,,,,,,,,,,,,,,38,2965.98,2242.93,5183.19,8808.96,4722.06,6738.85,8946.04,9335.02
17,10-11,2409.571,4500,1,0,0,0,3,0,0,0,0,0,0,0,0,0,0,0,0,0,0,0,0,0,0,0,0,0,0,0,0,0,0,0,0,0,0,0,0,1,1,1,1,1,1,1,1
18,11-10,,,,0,0,,,,,,,,,,,,,,,,,,,,,,,,,,,,,,,,,,0,1,1,1,1,1,1,1,1
19,10-12,80982.875,3588.1,1,4,3,1,3,7,13,25,0,0,0,0,0,0,0,0,0,3,0,0,0,0,1,4,0,1,8,1,1,14,0,0,2,0,0,0,70,1953.08,1909.64,3714.63,11394.65,3111.26,3993.14,6074.91,6328.81
20,12-10,,,,7,2,,,,,,,,,,,,,,,,,,,,,,,,,,,,,,,,,,69,2965.98,2242.93,5183.19,8808.96,4722.06,6738.85,8946.04,9335.02
21,12-13,119148.644,3057.1,1,4,3,0,3,9,13,33,0,0,0,0,0,4,7,0,1,5,0,5,5,1,11,17,0,0,27,0,7,7,0,0,5,0,0,0,105,2197.699,1064.352,3671.86,3741.476842,1669.123,878.2843,2373.948,5609.536
22,13-12,,,,4,6,,,,,,,,,,,,,,,,,,,,,,,,,,,,,,,,,,72,920.3106052646,920.5664411714,1494.7536344193,2159.3769366615,717.3278111823,1067.1408988598,1212.5090595396,3317.1570714699
23,13-14,9019.509,4500,1,1,0,0,0,0,0,0,0,0,0,0,0,0,0,0,0,0,0,0,0,0,0,0,1,1,1,0,0,0,0,0,0,0,0,0,0,1,1,1,1,1,1,1,1
24,14-13,,,,1,0,,,,,,,,,,,,,,,,,,,,,,,,,,,,,,,,,,0,1,1,1,1,1,1,1,1
25,14-15,35934.019,3054.7,1,1,0,0,3,4,5,10,0,0,0,0,0,1,1,0,0,1,0,1,1,0,0,0,0,0,8,0,0,1,0,0,1,0,0,0,0,1983,1261.9,2392.96,2413.46,2288.66,1171.96,429.22,4985.62
26,15-14,,,,1,2,,,,,,,,,,,,,,,,,,,,,,,,,,,,,,,,,,0,1241.41,972.39,1761.22,1960.89,1534.96,1396.24,345.7,5964.64
27,15-16,2229.462,3054.7,1,0,0,0,3,0,0,0,0,0,0,0,0,0,0,0,0,0,0,0,0,0,0,0,0,0,0,0,0,0,0,0,0,0,0,0,0,1,1,1,1,1,1,1,1
28,16-15,,,,0,0,,,,,,,,,,,,,,,,,,,,,,,,,,,,,,,,,,0,1,1,1,1,1,1,1,1
29,15-17,46696.748,3054.5,1,3,1,0,3,1,3,9,0,0,0,0,0,0,3,1,1,1,0,4,4,0,0,5,0,0,4,0,0,0,0,0,0,0,0,0,0,1983,1261.9,2392.96,2413.46,2288.66,1171.96,429.22,4246.0818283404
30,17-15,,,,0,0,,,,,,,,,,,,,,,,,,,,,,,,,,,,,,,,,,0,1241.41,972.39,1761.22,1960.89,1534.96,1396.24,345.7,5964.64
31,17-18,2255.707,3054.5,1,0,0,0,3,0,0,0,0,0,0,0,0,0,0,0,0,0,0,0,0,0,0,0,0,0,0,0,0,0,0,0,0,0,0,0,0,1,1,1,1,1,1,1,1
32,18-17,,,,0,0,,,,,,,,,,,,,,,,,,,,,,,,,,,,,,,,,,0,1,1,1,1,1,1,1,1
33,17-19,12717.793,3054.5,1,0,0,0,3,0,2,3,0,0,0,0,0,0,1,0,0,0,0,0,0,0,0,3,0,0,2,0,0,0,0,0,0,0,0,0,0,1983,1261.9,2392.96,2413.46,2288.66,1171.96,429.22,4246.0818283404
34,19-17,,,,0,0,,,,,,,,,,,,,,,,,,,,,,,,,,,,,,,,,,0,1241.41,972.39,1761.22,1960.89,1534.96,1396.24,345.7,5964.64
35,19-20,2270.762,3054.5,1,0,0,0,3,0,0,0,0,0,0,0,0,0,0,0,0,0,0,0,0,0,0,0,0,0,0,0,0,0,0,0,0,0,0,0,0,1,1,1,1,1,1,1,1
36,20-19,,,,0,0,,,,,,,,,,,,,,,,,,,,,,,,,,,,,,,,,,0,1,1,1,1,1,1,1,1
37,19-21,22068.437,2941.4,1,2,0,0,3,0,3,6,0,0,0,0,0,0,0,0,0,0,0,1,1,0,0,0,0,0,0,0,1,2,0,0,1,0,0,0,0,1983,1261.9,2392.96,2413.46,2288.66,1171.96,429.22,4246.0818283404
38,21-19,,,,1,1,,,,,,,,,,,,,,,,,,,,,,,,,,,,,,,,,,0,1241.41,972.39,1761.22,1960.89,1534.96,1396.24,345.7,5964.64
39,1-62,132725.156,2999.9,1,6,4,0,3,17,27,29,0,0,0,1,0,0,6,0,0,0,0,0,13,0,0,0,0,0,0,0,1,4,0,0,3,1,0,0,113,1935.39,2041.41,3965.89,8921.61,3674.58,5737.19,9148.69,11938.7
40,62-1,,,,2,0,,,,,,,,,,,,,,,,,,,,,,,,,,,,,,,,,,109,2912.11,2724.21,5834.42,14781.74,4297.5,5638.91,9663.16,10084.79
41,62-64,43948.024,1199.3,1,0,1,0,3,7,8,8,0,0,0,0,1,2,2,0,3,3,0,7,7,0,0,0,1,2,2,0,0,0,0,3,3,0,0,0,34,512.29,483.67,744.94,1148.33,578.26,1347.27,864.7,1590.67
42,64-62,,,,5,3,,,,,,,,,,,,,,,,,,,,,,,,,,,,,,,,,,52,1938.99,2005.84,3985.47,4560.42,1663.78,2263.55,2386.52,2642.39
43,2-64,137899.649,724.2,1,4,1,0,4,44,46,46,0,0,0,0,2,2,2,6,8,8,0,1,1,0,0,0,0,3,3,0,0,0,1,1,1,1,0,0,146,2251.61,4552.55,9916.6,6921.26,1842.96,4101.59,3871.92,5550.15
44,64-2,,,,3,2,,,,,,,,,,,,,,,,,,,,,,,,,,,,,,,,,,161,5173.4,9330.6,14658.61,12855.62,5541.53,11712.61,9000.67,10700.36
45,64-65,6837.306,1181.4,1,0,0,0,0,0,0,0,0,0,0,0,0,0,0,0,0,0,0,0,0,0,0,0,0,0,0,0,0,0,0,0,0,0,0,0,0,1,1,1,1,1,1,1,1
46,65-64,,,,0,0,,,,,,,,,,,,,,,,,,,,,,,,,,,,,,,,,,0,1,1,1,1,1,1,1,1
47,3-65,137322.864,1181.4,1,7,2,0,4,33,40,40,0,0,0,0,0,2,2,5,8,8,0,3,3,1,1,1,0,7,7,0,0,0,0,3,3,0,1,0,166,2523.84,2961.58,4151.04,6787.12,3472.75,5445.44,5177.21,9032.52
48,65-3,,,,4,3,,,,,,,,,,,,,,,,,,,,,,,,,,,,,,,,,,160,6980.63,10248.76,21944.78,16669.94,4880.56,9713.11,9434.39,10792
49,65-69,33377.114,1095.6,1,1,2,0,3,3,5,5,0,0,0,0,1,1,1,1,1,1,6,6,6,0,0,0,1,1,1,0,0,0,0,0,0,0,0,0,30,339.21,486.75,959.3,1207.72,469.46,1169.26,1176.97,1767.97
50,69-65,,,,4,1,,,,,,,,,,,,,,,,,,,,,,,,,,,,,,,,,,36,1126.78,1315.57,3175.7,3363.66,983.29,1842.35,1966.06,2183.72
51,68-69,4429.235,1184.6,1,0,0,0,3,0,0,0,0,0,0,0,0,0,0,0,0,0,0,0,0,0,0,0,0,1,1,0,0,0,0,0,0,0,0,0,0,1,1,1,1,1,1,1,1
52,69-68,,,,0,0,,,,,,,,,,,,,,,,,,,,,,,,,,,,,,,,,,0,1,1,1,1,1,1,1,1
53,4-68,130783.068,1249.9,1,9,6,0,3,33,34,34,0,0,0,0,1,2,2,3,4,4,1,1,1,1,3,3,0,0,0,0,0,0,2,4,4,3,0,0,108,3305.08,4341.8,8561.32,12512.54,2299.31,4246.39,3459.97,5275.95
54,68-4,,,,13,2,,,,,,,,,,,,,,,,,,,,,,,,,,,,,,,,,,193,4852.83,5451.8,10600.99,10870.89,5340.3,9799.69,7443.66,9100.5
55,68-74,6381.313,1743.9,1,0,0,0,0,0,0,0,0,0,0,0,0,0,0,0,0,0,0,0,0,0,0,0,0,0,0,0,0,0,0,0,0,0,0,0,0,1,1,1,1,1,1,1,1
56,74-68,,,,0,0,,,,,,,,,,,,,,,,,,,,,,,,,,,,,,,,,,0,1,1,1,1,1,1,1,1
57,74-47,36772.965,1743.9,1,0,0,0,3,7,8,8,0,0,0,0,0,1,1,1,2,2,0,2,2,2,2,2,0,0,0,0,0,0,0,0,0,1,0,0,31,1115.19,1859.08,3697.75,3310.46,1096.39,2470.65,2908.34,2393.08
58,47-74,,,,2,0,,,,,,,,,,,,,,,,,,,,,,,,,,,,,,,,,,25,298.81,643.31,860.4,1287.21,717.41,1752.01,1904.86,2064.79
59,47-23,32220.713,1569.9,1,3,0,0,3,10,10,10,0,0,0,0,0,0,0,0,0,0,0,1,1,0,0,0,0,0,0,0,0,0,0,0,0,0,0,0,22,1308.44,2237.81,3733.03,3890.14,1305.82,2674.99,2831.72,2419.45
60,23-47,,,,1,0,,,,,,,,,,,,,,,,,,,,,,,,,,,,,,,,,,22,442.65,825,1153.69,1802.69,1065.68,2138.54,2298.24,2956.42
61,23-24,1000,1569.9,1,0,0,0,3,0,0,0,0,0,0,0,0,0,0,0,0,0,0,0,0,0,0,0,0,0,0,0,0,0,0,0,0,0,0,0,0,1,1,1,1,1,1,1,1
62,24-23,,,,0,0,,,,,,,,,,,,,,,,,,,,,,,,,,,,,,,,,,0,1,1,1,1,1,1,1,1
63,22-23,15718.432,1569.9,1,1,0,0,3,5,5,5,0,0,0,0,1,1,1,0,0,0,0,0,0,0,0,0,0,0,0,0,0,0,0,0,0,0,0,0,9,442.65,825,1153.69,1802.69,1065.68,2138.54,2298.24,2956.42
64,23-22,,,,0,1,,,,,,,,,,,,,,,,,,,,,,,,,,,,,,,,,,11,1308.44,2237.81,3733.03,3890.14,1305.82,2674.99,2831.72,2419.45
65,22-9,35769.222,1501.5,1,3,4,0,3,7,8,8,0,0,0,0,0,1,1,0,1,1,0,0,0,0,0,0,0,0,0,0,0,0,0,0,0,0,0,0,32,1846.9,1902.42,3510.48,4811.89,1857.18,2643.32,2913.42,3725.84
66,9-22,,,,3,0,,,,,,,,,,,,,,,,,,,,,,,,,,,,,,,,,,22,477.97,757,1052.43,1771.45,655.13,1496.33,1217.77,2187.88
67,9-8,863.109,1501.5,1,0,0,0,3,0,0,0,0,0,0,0,0,0,0,0,0,0,0,0,0,0,0,0,0,0,0,0,0,0,0,0,0,0,0,0,0,1,1,1,1,1,1,1,1
68,8-9,,,,0,0,,,,,,,,,,,,,,,,,,,,,,,,,,,,,,,,,,0,1,1,1,1,1,1,1,1
69,9-5,10657.762,1501.5,1,2,0,0,3,0,0,0,0,0,0,0,1,1,1,0,0,0,0,0,0,0,0,0,0,0,0,0,0,0,0,0,0,0,0,0,11,1846.9,1902.42,3510.48,4811.89,1857.18,2643.32,2913.42,3725.84
70,5-9,,,,5,0,,,,,,,,,,,,,,,,,,,,,,,,,,,,,,,,,,8,477.97,757,1052.43,1771.45,655.13,1496.33,1217.77,2187.88
71,22-26,12783.703,5477.2,0,0,0,0,1,0,3,12,0,0,2,0,0,0,0,0,0,0,0,0,0,0,0,0,0,0,1,0,0,1,0,0,2,0,0,0,6,4260.82,2915.04,6086.93,10339.79,4305.32,6724.42,8502.46,8508.65
72,26-22,,,,0,0,,,,,,,,,,,,,,,,,,,,,,,,,,,,,,,,,,14,2504.68,2253.07,3829.52,10637.51,3631.23,4756.57,5788.06,5978.64
73,26-25,2864.665,5477.2,0,0,0,0,1,0,0,0,0,0,0,0,0,0,0,0,0,0,0,0,0,0,0,0,0,0,0,0,0,0,0,0,0,0,0,0,0,1,1,1,1,1,1,1,1
74,25-26,,,,0,0,,,,,,,,,,,,,,,,,,,,,,,,,,,,,,,,,,0,1,1,1,1,1,1,1,1
75,26-29,103174.147,6100,0,1,0,0,1,3,8,55,0,0,24,0,0,0,5,0,0,0,0,0,0,0,0,0,0,0,1,0,0,3,0,0,0,0,0,0,90,4260.82,2915.04,6086.93,10339.79,4305.32,6724.42,8502.46,8508.65
76,29-26,,,,2,0,,,,,,,,,,,,,,,,,,,,,,,,,,,,,,,,,,103,2504.68,2253.07,3829.52,10637.51,3631.23,4756.57,5788.06,5978.64
77,29-28,19388.768,13755,1,6,10,1,4,0,0,12,0,0,0,0,0,0,0,0,0,0,0,0,0,0,0,6,0,0,1,0,0,2,0,0,0,0,0,0,14,693.24,341.17,484.77,2106.04,259.07,374.02,439.25,3452.41
78,28-29,,,,14,12,,,,,,,,,,,,,,,,,,,,,,,,,,,,,,,,,,12,1084.28,603.77,922.51,3117.62,894.18,852.5,1459.76,8590.28
79,27-28,7673.789,13755,1,0,0,1,4,0,0,0,0,0,0,0,0,0,0,0,0,0,0,0,0,0,0,0,0,0,0,0,0,0,0,0,0,0,0,0,0,1,1,1,1,1,1,1,1
80,28-27,,,,0,0,,,,,,,,,,,,,,,,,,,,,,,,,,,,,,,,,,0,1,1,1,1,1,1,1,1
81,12-28,26743.83,14702.1,1,15,14,1,4,0,0,16,0,0,0,0,0,0,0,0,0,0,0,0,0,1,1,7,0,0,1,0,0,2,0,0,0,0,0,0,16,1084.28,603.77,922.51,3117.62,894.18,852.5,1459.76,8590.28
82,28-12,,,,13,18,,,,,,,,,,,,,,,,,,,,,,,,,,,,,,,,,,23,693.24,341.17,484.77,2106.04,259.07,374.02,439.25,3452.41
83,29-30,50815.163,5052.6,0,0,2,0,0,2,2,21,1,1,1,0,0,0,0,0,0,0,0,0,0,0,0,1,0,0,2,0,0,3,0,0,1,0,0,0,62,2802.67,1978.53,5441.34,6679.48,3093.04,3540.75,2955.08,6979.69
84,30-29,,,,0,2,,,,,,,,,,,,,,,,,,,,,,,,,,,,,,,,,,20,1617.26,2106.42,3025.04,4093.43,1177.07,2971.96,1360.2,3912.73
85,30-31,2984.751,6049.1,0,0,0,0,0,0,0,0,0,0,0,0,0,0,0,0,0,0,0,0,0,0,0,0,0,0,0,0,0,0,0,0,0,0,0,0,0,1,1,1,1,1,1,1,1
86,31-30,,,,0,0,,,,,,,,,,,,,,,,,,,,,,,,,,,,,,,,,,0,1,1,1,1,1,1,1,1
87,30-33,11921.133,6049.1,0,0,0,0,0,1,1,9,0,0,0,0,0,0,0,0,0,0,0,0,0,0,0,0,0,0,0,0,0,0,0,0,0,0,0,0,15,2802.67,1978.53,5441.34,6679.48,3093.04,3540.75,2955.08,6979.69
88,33-30,,,,0,0,,,,,,,,,,,,,,,,,,,,,,,,,,,,,,,,,,8,1617.26,2106.42,3025.04,4093.43,1177.07,2971.96,1360.2,3912.73
89,33-32,3284.897,6049.1,0,0,0,0,0,0,0,0,0,0,0,0,0,0,0,0,0,0,0,0,0,0,0,0,0,0,0,0,0,0,0,0,0,0,0,0,0,1,1,1,1,1,1,1,1
90,32-33,,,,0,0,,,,,,,,,,,,,,,,,,,,,,,,,,,,,,,,,,0,1,1,1,1,1,1,1,1
91,33-34,54460.962,5286,0,0,0,0,0,1,1,27,1,1,1,0,0,0,0,0,0,0,0,0,0,0,0,8,0,0,6,0,0,2,0,0,1,0,0,0,62,2802.67,1978.53,5441.34,6679.48,3093.04,3540.75,2955.08,6979.69
92,34-33,,,,0,2,,,,,,,,,,,,,,,,,,,,,,,,,,,,,,,,,,28,1617.26,2106.42,3025.04,4093.43,1177.07,2971.96,1360.2,3912.73
93,13-34,45836.163,2256.3,1,1,3,1,4,7,13,13,0,0,0,0,0,0,0,0,0,0,0,2,2,4,7,7,0,0,4,0,6,6,0,0,1,0,0,0,37,551.3,390.76,743.73,1130,377.21,400.46,565.22,1851.37
94,34-13,,,,3,12,,,,,,,,,,,,,,,,,,,,,,,,,,,,,,,,,,38,709.25,556.32,1350.4,1653.94,609.02,463.71,963.93,2324.88
95,14-38,27135.223,2174.2,1,0,2,1,4,8,10,13,0,0,0,0,0,0,0,0,0,0,0,1,1,0,2,2,0,0,1,0,3,4,0,0,0,0,0,0,21,563.76,332.76,750.23,847.73,172.68,363.01,226.4,1497.51
96,38-14,,,,3,4,,,,,,,,,,,,,,,,,,,,,,,,,,,,,,,,,,24,692.83,378.56,756.1,834.54,338.07,455.77,234.87,1473.88
97,38-39,1742.247,2327.8,1,0,0,0,4,0,0,0,0,0,0,0,0,0,0,0,0,0,0,0,0,0,0,0,0,0,0,0,0,0,0,0,0,0,0,0,0,1,1,1,1,1,1,1,1
98,39-38,,,,0,0,,,,,,,,,,,,,,,,,,,,,,,,,,,,,,,,,,0,1,1,1,1,1,1,1,1
99,38-37,19090.375,2327.8,1,1,1,1,4,2,2,2,0,0,0,0,0,0,0,0,0,0,0,1,1,0,0,0,0,0,1,0,0,2,0,0,1,0,0,0,13,563.76,332.76,750.23,847.73,172.68,363.01,226.4,1497.51
100,37-38,,,,1,1,,,,,,,,,,,,,,,,,,,,,,,,,,,,,,,,,,11,692.83,378.56,756.1,834.54,338.07,455.77,234.87,1473.88
101,37-40,24033.142,5950,0,1,2,0,0,0,0,9,0,0,3,0,0,0,0,0,0,0,0,0,0,0,0,0,0,0,0,0,0,1,0,0,1,0,0,0,30,2710.02,2448.18,6815.67,8765.29,2041.84,4545.5,2845.81,10090.87
102,40-37,,,,1,0,,,,,,,,,,,,,,,,,,,,,,,,,,,,,,,,,,20,1238.94,1812.95,3264.83,4615.41,835.8,3042.57,1401.18,5725.22
103,40-41,2555.082,5950,0,0,0,0,0,0,0,0,0,0,0,0,0,0,0,0,0,0,0,0,0,0,0,0,0,0,0,0,0,0,0,0,0,0,0,0,0,1,1,1,1,1,1,1,1
104,41-40,,,,0,0,,,,,,,,,,,,,,,,,,,,,,,,,,,,,,,,,,0,1,1,1,1,1,1,1,1
105,40-42,22058.448,5950,0,0,0,0,0,0,0,5,0,0,1,0,0,0,0,0,0,0,0,0,0,0,0,0,0,0,0,0,0,1,0,0,1,0,0,0,24,2710.02,2448.18,6815.67,8765.29,2041.84,4545.5,2845.81,10090.87
106,42-40,,,,0,0,,,,,,,,,,,,,,,,,,,,,,,,,,,,,,,,,,20,1238.94,1812.95,3264.83,4615.41,835.8,3042.57,1401.18,5725.22
107,42-43,2825.968,5950,0,0,0,0,0,0,0,0,0,0,0,0,0,0,0,0,0,0,0,0,0,0,0,0,0,0,0,0,0,0,0,0,0,0,0,0,0,1,1,1,1,1,1,1,1
108,43-42,,,,0,0,,,,,,,,,,,,,,,,,,,,,,,,,,,,,,,,,,0,1,1,1,1,1,1,1,1
109,42-44,51789.653,5850,0,0,0,0,0,3,5,27,0,0,6,0,0,0,0,0,0,0,0,0,0,0,0,0,0,0,0,0,0,2,0,0,1,0,0,0,49,2710.02,2448.18,6815.67,8765.29,2041.84,4545.5,2845.81,10090.87
110,44-42,,,,1,1,,,,,,,,,,,,,,,,,,,,,,,,,,,,,,,,,,43,1238.94,1812.95,3264.83,4615.41,835.8,3042.57,1401.18,5725.22
111,44-45,2873.787,5950,0,0,0,0,0,0,0,0,0,0,0,0,0,0,0,0,0,0,0,0,0,0,0,0,0,0,0,0,0,0,0,0,0,0,0,0,0,1,1,1,1,1,1,1,1
112,45-44,,,,0,0,,,,,,,,,,,,,,,,,,,,,,,,,,,,,,,,,,0,1,1,1,1,1,1,1,1
113,44-46,20250.324,5950,0,0,0,0,0,0,0,7,0,0,3,0,0,0,0,0,0,0,0,0,0,0,0,0,0,0,0,0,0,2,0,0,3,0,0,0,19,2710.02,2448.18,6815.67,8765.29,2041.84,4545.5,2845.81,10090.87
114,46-44,,,,0,0,,,,,,,,,,,,,,,,,,,,,,,,,,,,,,,,,,13,1238.94,1812.95,3264.83,4615.41,835.8,3042.57,1401.18,5725.22
115,21-46,46643.145,7000,0,1,1,0,0,0,0,3,0,0,0,0,0,0,0,0,0,0,0,0,0,0,0,0,0,0,0,0,0,1,0,0,0,0,0,1,33,946.54,868.57,1259.2,3224.26,1039.04,1832.91,1018.06,1690.16
116,46-21,,,,1,1,,,,,,,,,,,,,,,,,,,,,,,,,,,,,,,,,,30,932.37,860.34,1165.76,3159.09,502.49,1360.79,665.05,1592.8
117,46-59,46318.066,7000,0,0,1,0,0,4,4,4,0,0,0,0,0,0,0,0,0,0,0,0,0,0,0,0,0,0,0,0,0,1,0,0,1,0,0,1,34,678.81,814.85,1227.49,2896.1,922.72,1796.08,995.12,1779.23
118,59-46,,,,2,0,,,,,,,,,,,,,,,,,,,,,,,,,,,,,,,,,,36,1555.85,1229.88,1562.81,3724.36,679.04,1707.3,826.69,1770.7
119,57-59,34235.697,5500,0,0,0,0,0,0,2,10,0,0,0,0,0,0,0,0,0,0,0,0,0,0,0,0,0,0,0,0,0,2,0,0,3,0,0,0,38,2804.15,2189.52,7459.03,8715.56,2047.37,4032.59,2688.31,8811.31
120,59-57,,,,0,0,,,,,,,,,,,,,,,,,,,,,,,,,,,,,,,,,,36,1028.44,1440.06,2714.35,3887.83,888.35,2436.42,1255.83,4815.22
121,57-58,3158.504,4981.1,0,0,0,0,0,0,0,0,0,0,0,0,0,0,0,0,0,0,0,0,0,0,0,0,0,0,0,0,0,0,0,0,0,0,0,0,0,1,1,1,1,1,1,1,1
122,58-57,,,,0,0,,,,,,,,,,,,,,,,,,,,,,,,,,,,,,,,,,0,1,1,1,1,1,1,1,1
123,57-55,31520.296,5500,0,1,0,0,0,2,3,12,0,0,0,0,0,0,0,0,0,0,0,0,0,0,0,0,0,0,0,0,0,1,0,0,1,1,1,0,14,1028.44,1440.06,2714.35,3887.83,888.35,2436.42,1255.83,4815.22
124,55-57,,,,1,1,,,,,,,,,,,,,,,,,,,,,,,,,,,,,,,,,,22,2804.15,2189.52,7459.03,8715.56,2047.37,4032.59,2688.31,8811.31
125,55-56,2835.106,4981.1,0,0,0,0,0,0,0,0,0,0,0,0,0,0,0,0,0,0,0,0,0,0,0,0,0,0,0,0,0,0,0,0,0,0,0,0,0,1,1,1,1,1,1,1,1
126,56-55,,,,0,0,,,,,,,,,,,,,,,,,,,,,,,,,,,,,,,,,,0,1,1,1,1,1,1,1,1
127,53-55,11525.934,5500,0,3,0,0,0,1,1,4,0,0,0,0,0,0,0,0,0,0,0,0,0,0,0,0,0,0,0,0,0,1,0,0,1,0,0,0,15,2804.15,2189.52,7459.03,8715.56,2047.37,4032.59,2688.31,8811.31
128,55-53,,,,0,0,,,,,,,,,,,,,,,,,,,,,,,,,,,,,,,,,,9,1028.44,1440.06,2714.35,3887.83,888.35,2436.42,1255.83,4815.22
129,53-54,2699.782,4981.1,0,0,0,0,0,0,0,0,0,0,0,0,0,0,0,0,0,0,0,0,0,0,0,0,0,0,0,0,0,0,0,0,0,0,0,0,0,1,1,1,1,1,1,1,1
130,54-53,,,,0,0,,,,,,,,,,,,,,,,,,,,,,,,,,,,,,,,,,0,1,1,1,1,1,1,1,1
131,51-53,19044.251,5500,0,2,0,0,0,2,2,7,0,0,0,0,0,0,0,0,0,0,0,0,0,0,0,1,0,0,0,0,0,1,0,0,0,0,0,0,23,2804.15,2189.52,7459.03,8715.56,2047.37,4032.59,2688.31,8811.31
132,53-51,,,,0,1,,,,,,,,,,,,,,,,,,,,,,,,,,,,,,,,,,13,1028.44,1440.06,2714.35,3887.83,888.35,2436.42,1255.83,4815.22
133,51-52,2933.311,4981.1,0,0,0,0,0,0,0,0,0,0,0,0,0,0,0,0,0,0,0,0,0,0,0,0,0,0,0,0,0,0,0,0,0,0,0,0,0,1,1,1,1,1,1,1,1
134,52-51,,,,0,0,,,,,,,,,,,,,,,,,,,,,,,,,,,,,,,,,,0,1,1,1,1,1,1,1,1
135,50-51,22151.462,4981.1,0,0,2,0,0,1,2,6,0,0,0,0,0,0,0,0,0,0,0,0,0,0,0,14,0,0,0,0,0,2,0,0,2,0,0,0,22,2804.15,2189.52,7459.03,8715.56,2047.37,4032.59,2688.31,8811.31
136,51-50,,,,0,0,,,,,,,,,,,,,,,,,,,,,,,,,,,,,,,,,,18,1028.44,1440.06,2714.35,3887.83,888.35,2436.42,1255.83,4815.22
137,37-50,46424.415,1600,1,7,4,1,4,13,16,16,0,0,0,0,0,0,0,0,1,1,0,1,1,3,7,9,3,6,6,0,6,6,0,1,1,0,0,0,45,554.25,554.9,761.38,907.9,214.55,423.09,438.95,1845.32
138,50-37,,,,4,2,,,,,,,,,,,,,,,,,,,,,,,,,,,,,,,,,,35,740.33,375.21,770.63,916.69,82.56,463.22,149.96,1052.92
139,48-49,113411.71,6249.8,0,2,8,0,0,6,9,48,3,3,3,0,0,0,0,0,0,0,0,0,0,0,0,8,0,0,1,0,0,7,0,0,4,0,4,0,117,4648.61,4114.97,7944.79,10432.64,3332.72,4904.11,3660.91,9028.49
140,49-48,,,,5,3,,,,,,,,,,,,,,,,,,,,,,,,,,,,,,,,,,109,360.94,732.17,1147.91,2084.69,291.31,1392.41,512.23,1777.46
141,29-48,46382.91,13901.7,1,15,49,0,4,1,1,28,0,0,0,0,0,0,0,0,0,0,0,0,0,0,0,12,0,0,2,0,0,7,0,0,0,0,0,0,35,1052.66,561.16,793.38,3528.74,591.67,632.38,1252.32,8630.98
142,48-29,,,,16,29,,,,,,,,,,,,,,,,,,,,,,,,,,,,,,,,,,36,772.02,384.9,554.46,2704.07,573.17,550.18,936.64,6790.2
143,47-48,110918.258,5150,0,1,0,0,1,5,13,53,1,1,25,0,0,0,8,0,0,0,0,0,0,0,0,0,0,0,2,0,0,2,0,0,1,0,0,0,89,2858.52,4186.93,6789.37,8126.89,2406.35,4485.75,4927.27,6692.95
144,48-47,,,,1,1,,,,,,,,,,,,,,,,,,,,,,,,,,,,,,,,,,95,2408.4,3775.41,5484.92,7317.32,2778.58,4978.27,4848.93,6807.78
145,74-73,6942.749,1743.9,1,0,0,0,3,3,3,3,0,0,0,0,0,1,1,0,0,0,0,0,0,0,0,0,0,0,0,0,0,0,0,0,0,0,0,0,0,1,1,1,1,1,1,1,1
146,73-74,,,,0,0,,,,,,,,,,,,,,,,,,,,,,,,,,,,,,,,,,0,1,1,1,1,1,1,1,1
147,73-75,65298.626,4200,1,7,4,0,3,1,1,61,0,2,7,0,0,0,2,0,0,10,0,0,10,0,0,15,0,0,19,0,0,0,0,0,0,0,1,1,50,2499.12,4040.9,8432.04,10768.26,2860.37,6680.03,8137.4,8332.78
148,75-73,,,,13,6,,,,,,,,,,,,,,,,,,,,,,,,,,,,,,,,,,51,2120.12,3849.08,6733.99,8652.06,2665.57,6780.07,8072.1,9696.5
149,75-76,51568.926,4550,1,6,15,0,3,2,3,20,0,3,7,0,0,0,2,0,0,1,0,0,12,0,0,3,0,0,19,0,0,0,0,0,0,1,1,1,39,2499.12,4040.9,8432.04,10768.26,2860.37,6680.03,8137.4,8332.78
150,76-75,,,,9,6,,,,,,,,,,,,,,,,,,,,,,,,,,,,,,,,,,40,2120.12,3849.08,6733.99,8652.06,2665.57,6780.07,8072.1,9696.5
151,76-80,99377.629,3400,1,20,16,0,2,2,4,46,1,6,16,0,0,1,8,0,0,10,0,0,17,4,7,17,0,0,23,0,0,2,0,0,1,0,0,0,145,5751.39,3746.8,8113.14,8168.31,4939.99,7775.95,4228.87,7653.67
152,80-76,,,,23,23,,,,,,,,,,,,,,,,,,,,,,,,,,,,,,,,,,56,420.79,938.3,814.17,1553.22,346.33,1345.25,352.15,873.5
153,79-80,5989.363,2153.6,1,1,1,0,4,0,0,0,0,0,0,0,0,0,0,0,0,0,0,0,0,0,0,0,0,0,0,0,0,0,0,0,0,0,0,0,0,1,1,1,1,1,1,1,1
154,80-79,,,,0,5,,,,,,,,,,,,,,,,,,,,,,,,,,,,,,,,,,0,1,1,1,1,1,1,1,1
155,49-79,40387.738,2153.6,1,4,7,0,4,7,13,13,0,0,0,0,0,1,2,0,0,0,0,2,2,0,1,1,0,1,3,0,1,1,0,0,0,0,0,0,34,563.11,365.12,746.81,1090.22,287.55,346.6,698.17,1630.17
156,79-49,,,,7,5,,,,,,,,,,,,,,,,,,,,,,,,,,,,,,,,,,40,659.22,562.64,1146.97,1329.05,510.52,419.82,960.08,2272.45
157,49-36,21124.972,2064.4,1,3,3,1,4,6,10,10,0,0,0,0,0,0,0,0,0,0,0,1,1,0,0,0,0,0,0,1,4,4,0,0,0,0,0,0,18,628.86,494.64,1087.83,1515.63,539.5,471.86,1367.73,2543.97
158,36-49,,,,1,3,,,,,,,,,,,,,,,,,,,,,,,,,,,,,,,,,,14,622.15,384.53,879.34,1188.83,360.97,397.7,1145.31,1981.71
159,35-36,1604.313,2054.2,1,0,0,0,4,0,0,0,0,0,0,0,0,0,0,0,0,0,0,0,0,0,0,0,0,0,0,0,0,0,0,0,0,0,0,0,0,1,1,1,1,1,1,1,1
160,36-35,,,,0,0,,,,,,,,,,,,,,,,,,,,,,,,,,,,,,,,,,0,1,1,1,1,1,1,1,1
161,34-36,25350.237,2054.2,1,4,1,1,4,6,8,8,0,0,0,0,0,0,0,0,1,1,0,0,0,1,2,2,0,0,0,0,0,5,0,0,0,0,0,0,19,622.15,384.53,879.34,1188.83,360.97,397.7,1145.31,1981.71
162,36-34,,,,1,1,,,,,,,,,,,,,,,,,,,,,,,,,,,,,,,,,,22,628.86,494.64,1087.83,1515.63,539.5,471.86,1367.73,2543.97
163,48-76,46965.092,13800,1,39,41,1,4,2,4,27,0,0,0,0,0,0,0,0,0,0,0,0,0,0,0,6,0,0,2,0,0,6,0,0,1,0,0,0,34,889.58,526.56,869.51,3432.33,780.37,780.69,1303.81,8022.61
164,76-48,,,,16,42,,,,,,,,,,,,,,,,,,,,,,,,,,,,,,,,,,30,561.1,439.85,413.7,2171.65,363.92,451.51,955.66,4524.93
165,79-85,8384.694,2900,1,0,3,0,0,0,0,0,0,0,0,0,0,0,0,0,0,0,0,0,0,0,0,0,0,0,0,0,0,0,0,0,0,0,0,0,0,1,1,1,1,1,1,1,1
166,85-79,,,,3,12,,,,,,,,,,,,,,,,,,,,,,,,,,,,,,,,,,0,1,1,1,1,1,1,1,1
167,84-85,2423.111,2900,1,1,0,2,4,0,0,0,0,0,0,0,0,0,0,0,0,0,0,0,0,0,0,0,0,0,0,0,2,2,0,1,1,0,0,0,0,1,1,1,1,1,1,1,1
168,85-84,,,,0,0,,,,,,,,,,,,,,,,,,,,,,,,,,,,,,,,,,0,1,1,1,1,1,1,1,1
169,85-50,40431.518,2904.3,1,4,6,1,4,12,18,18,0,0,0,0,0,0,0,0,0,0,0,0,0,0,2,2,0,1,1,0,5,5,0,1,1,0,0,0,32,132.9,92.56,176.84,258.44,37.6,131.09,46.79,433.26
170,50-85,,,,2,2,,,,,,,,,,,,,,,,,,,,,,,,,,,,,,,,,,40,672.41,502.56,854.14,915.45,200.11,403.56,331.47,1647.49
171,59-60,12387.984,7000,0,0,1,0,0,0,0,1,0,0,0,0,0,0,1,0,0,0,0,0,0,0,0,0,0,0,0,0,0,0,0,0,0,0,0,0,11,867.57,848.6,1032.79,2490.37,824,1754.87,924.97,1739.3
172,60-59,,,,0,1,,,,,,,,,,,,,,,,,,,,,,,,,,,,,,,,,,13,1396.06,1021.52,1806.06,3557.12,623.41,1667.52,871.74,2058.61
173,60-61,1539.368,7000,0,0,0,0,0,0,0,0,0,0,0,0,0,0,0,0,0,0,0,0,0,0,0,0,0,0,0,0,0,0,0,0,0,0,0,0,0,1,1,1,1,1,1,1,1
174,61-60,,,,0,0,,,,,,,,,,,,,,,,,,,,,,,,,,,,,,,,,,0,1,1,1,1,1,1,1,1
175,60-94,30085.027,7000,0,6,3,0,0,0,0,4,0,0,0,0,0,0,0,0,0,0,0,0,0,0,0,0,0,0,0,0,0,1,0,0,0,0,0,1,22,867.57,848.6,1032.79,2490.37,824,1754.87,924.97,1739.3
176,94-60,,,,0,1,,,,,,,,,,,,,,,,,,,,,,,,,,,,,,,,,,24,1396.06,1021.52,1806.06,3557.12,623.41,1667.52,871.74,2058.61
177,94-95,3475.321,7000,0,0,0,0,0,0,0,0,0,0,0,0,0,0,0,0,0,0,0,0,0,0,0,0,0,0,0,0,1,1,0,0,0,0,0,0,0,1,1,1,1,1,1,1,1
178,95-94,,,,0,0,,,,,,,,,,,,,,,,,,,,,,,,,,,,,,,,,,0,1,1,1,1,1,1,1,1
179,95-91,31491.251,1600,1,3,4,0,3,7,7,7,0,0,0,0,2,2,2,0,0,0,0,0,0,0,0,0,0,0,0,0,1,1,0,0,0,0,0,0,41,2401.6,1750.28,6789.02,6975.6,883.97,3363.62,1686.83,6395.17
180,91-95,,,,2,0,,,,,,,,,,,,,,,,,,,,,,,,,,,,,,,,,,35,3784.33,3768.69,9045.09,8739.86,3933.18,6094.45,5900.75,12522.92
181,90-91,1042.191,1140.3,1,0,0,0,3,0,0,0,0,0,0,0,0,0,0,0,0,0,0,0,0,0,0,0,0,0,0,0,0,0,0,0,0,0,0,0,0,1,1,1,1,1,1,1,1
182,91-90,,,,0,0,,,,,,,,,,,,,,,,,,,,,,,,,,,,,,,,,,0,1,1,1,1,1,1,1,1
183,84-91,85452.349,1140.3,1,8,10,0,3,19,19,19,0,0,0,0,6,6,6,0,0,0,0,0,0,6,6,6,0,0,0,0,5,5,0,1,1,2,0,0,115,3784.33,3768.69,9045.09,8739.86,3933.18,6094.45,5900.75,12522.92
184,91-84,,,,6,8,,,,,,,,,,,,,,,,,,,,,,,,,,,,,,,,,,91,2401.6,1750.28,6789.02,6975.6,883.97,3363.62,1686.83,6395.17
185,84-83,7432.591,2900,1,0,0,1,0,0,0,0,0,0,0,0,0,0,0,0,0,0,0,0,0,0,0,0,0,0,0,0,0,0,0,0,0,0,0,0,0,1,1,1,1,1,1,1,1
186,83-84,,,,0,0,,,,,,,,,,,,,,,,,,,,,,,,,,,,,,,,,,0,1,1,1,1,1,1,1,1
187,82-83,1919.353,2900,1,0,0,1,4,2,2,2,0,0,0,0,0,0,0,0,0,0,0,0,0,0,0,0,0,1,1,0,2,2,0,0,0,0,0,0,0,1,1,1,1,1,1,1,1
188,83-82,,,,0,0,,,,,,,,,,,,,,,,,,,,,,,,,,,,,,,,,,0,1,1,1,1,1,1,1,1
189,81-82,8646.534,3000,1,0,0,0,0,0,0,0,0,0,0,0,0,0,0,0,0,0,0,0,0,0,0,0,0,0,0,0,0,0,0,0,0,0,0,0,0,1,1,1,1,1,1,1,1
190,82-81,,,,0,0,,,,,,,,,,,,,,,,,,,,,,,,,,,,,,,,,,0,1,1,1,1,1,1,1,1
191,80-81,5013.949,2975.1,1,0,0,0,0,2,2,2,0,0,0,0,0,0,0,0,0,0,0,0,0,0,0,0,0,0,0,0,0,0,0,0,0,0,0,0,0,1,1,1,1,1,1,1,1
192,81-80,,,,1,2,,,,,,,,,,,,,,,,,,,,,,,,,,,,,,,,,,0,1,1,1,1,1,1,1,1
193,83-86,36702.186,1307.2,1,2,2,0,3,7,7,7,0,0,0,0,2,2,2,0,0,0,1,1,1,1,1,1,0,0,0,0,2,2,1,1,1,0,0,0,53,3115.55,2551.23,8019.27,10851.33,1807.35,4738.36,2915.42,10405.07
194,86-83,,,,2,3,,,,,,,,,,,,,,,,,,,,,,,,,,,,,,,,,,41,1911.97,2218.97,4427.17,7613.45,1816.73,4341.88,3184.6,11004.94
195,86-87,8156.882,1300,1,0,0,0,3,0,0,0,0,0,0,0,0,0,0,0,0,0,0,0,0,0,0,0,0,0,0,0,0,0,0,0,0,0,0,0,0,1,1,1,1,1,1,1,1
196,87-86,,,,0,0,,,,,,,,,,,,,,,,,,,,,,,,,,,,,,,,,,0,1,1,1,1,1,1,1,1
197,86-88,32295.372,1198,1,1,1,0,3,14,14,14,0,0,0,0,1,1,1,0,0,0,1,1,1,0,0,0,0,0,0,1,1,1,0,0,0,1,0,0,41,3115.55,2551.23,8019.27,10851.33,1807.35,4738.36,2915.42,10405.07
198,88-86,,,,3,1,,,,,,,,,,,,,,,,,,,,,,,,,,,,,,,,,,34,1911.97,2218.97,4427.17,7613.45,1816.73,4341.88,3184.6,11004.94
199,88-89,1858.689,1300,1,0,0,0,3,0,0,0,0,0,0,0,0,0,0,0,0,0,0,0,0,0,0,0,0,0,0,0,0,0,0,0,0,0,0,0,0,1,1,1,1,1,1,1,1
200,89-88,,,,0,0,,,,,,,,,,,,,,,,,,,,,,,,,,,,,,,,,,0,1,1,1,1,1,1,1,1
201,88-92,16404.794,1300,1,1,2,0,3,2,2,2,0,0,0,0,1,1,1,0,0,0,0,0,0,0,0,0,0,0,0,0,0,0,2,2,2,0,0,0,19,3115.55,2551.23,8019.27,10851.33,1807.35,4738.36,2915.42,10405.07
202,92-88,,,,4,1,,,,,,,,,,,,,,,,,,,,,,,,,,,,,,,,,,21,1911.97,2218.97,4427.17,7613.45,1816.73,4341.88,3184.6,11004.94
203,92-93,1063.008,1300,1,0,0,0,3,0,0,0,0,0,0,0,0,0,0,0,0,0,0,0,0,0,0,0,0,0,0,0,0,0,0,0,0,0,0,0,0,1,1,1,1,1,1,1,1
204,93-92,,,,0,0,,,,,,,,,,,,,,,,,,,,,,,,,,,,,,,,,,0,1,1,1,1,1,1,1,1
205,92-96,31434.214,1000,1,1,7,0,3,5,5,5,0,0,0,0,2,2,2,0,0,0,0,0,0,0,0,0,0,0,0,1,1,1,1,1,1,1,0,0,38,3115.55,2551.23,8019.27,10851.33,1807.35,4738.36,2915.42,10405.07
206,96-92,,,,3,2,,,,,,,,,,,,,,,,,,,,,,,,,,,,,,,,,,32,1911.97,2218.97,4427.17,7613.45,1816.73,4341.88,3184.6,11004.94
207,96-95,7394.875,7000,1,0,0,0,0,0,0,0,0,0,0,0,0,0,0,0,0,0,0,0,0,0,0,0,0,0,0,0,0,0,0,0,0,0,0,0,0,1,1,1,1,1,1,1,1
208,95-96,,,,0,0,,,,,,,,,,,,,,,,,,,,,,,,,,,,,,,,,,0,1,1,1,1,1,1,1,1
209,96-97,4177.058,7000,0,0,0,0,0,0,0,0,0,0,0,0,0,0,0,0,0,0,0,0,0,0,0,0,0,0,0,0,0,0,0,0,0,0,0,0,0,1,1,1,1,1,1,1,1
210,97-96,,,,0,0,,,,,,,,,,,,,,,,,,,,,,,,,,,,,,,,,,0,1,1,1,1,1,1,1,1
211,62-63,8270.434,4807.7,1,3,0,0,0,0,4,4,0,0,0,0,0,0,0,0,0,0,0,0,0,0,0,0,0,0,0,0,0,0,0,0,0,0,0,0,0,1,1,1,1,1,1,1,1
212,63-62,,,,1,0,,,,,,,,,,,,,,,,,,,,,,,,,,,,,,,,,,0,1,1,1,1,1,1,1,1
213,63-66,67406.945,1300,1,1,0,0,3,3,3,3,0,0,0,0,0,0,0,0,0,0,0,0,0,0,0,0,0,0,0,0,0,0,1,1,1,0,0,0,45,3076.64,4557.23,8450.27,8286.76,2324.95,5025.43,3234.1,3694.93
214,66-63,,,,3,1,,,,,,,,,,,,,,,,,,,,,,,,,,,,,,,,,,96,1761.37,2528.23,4698.25,3788,3037.01,3780.46,3688.95,3065.7
215,66-67,8157.608,1300,1,0,0,0,3,0,0,0,0,0,0,0,0,0,0,0,0,0,0,0,0,0,0,0,0,0,0,0,0,0,0,0,0,0,0,0,0,1,1,1,1,1,1,1,1
216,67-66,,,,0,0,,,,,,,,,,,,,,,,,,,,,,,,,,,,,,,,,,0,1,1,1,1,1,1,1,1
217,66-70,15110.13,1300,1,1,0,0,3,2,2,2,0,0,0,0,0,0,0,0,0,0,0,0,0,0,0,0,0,0,0,0,0,0,0,0,0,0,0,0,21,3076.64,4557.23,8450.27,8286.76,2324.95,5025.43,3234.1,3694.93
218,70-66,,,,0,0,,,,,,,,,,,,,,,,,,,,,,,,,,,,,,,,,,29,1761.37,2528.23,4698.25,3788,3037.01,3780.46,3688.95,3065.7
219,69-70,7466.682,2921.2,1,0,0,0,0,1,1,1,0,0,0,0,0,0,0,0,0,0,0,0,0,0,0,0,0,0,0,0,0,0,0,0,0,0,0,0,0,1,1,1,1,1,1,1,1
220,70-69,,,,0,0,,,,,,,,,,,,,,,,,,,,,,,,,,,,,,,,,,0,1,1,1,1,1,1,1,1
221,70-71,5112.682,1300,1,0,0,0,3,0,0,0,0,0,0,0,0,0,0,0,0,0,0,0,0,0,0,0,0,0,0,0,0,0,0,0,0,0,0,0,0,1,1,1,1,1,1,1,1
222,71-70,,,,0,0,,,,,,,,,,,,,,,,,,,,,,,,,,,,,,,,,,0,1,1,1,1,1,1,1,1
223,71-72,7453.384,3568.5,1,0,0,0,0,1,1,1,0,0,0,0,0,0,0,0,0,0,0,0,0,0,0,0,0,0,0,0,0,0,0,0,0,0,0,0,0,1,1,1,1,1,1,1,1
224,72-71,,,,0,0,,,,,,,,,,,,,,,,,,,,,,,,,,,,,,,,,,0,1,1,1,1,1,1,1,1
225,72-73,5387.388,2961.2,1,0,0,0,3,0,0,0,0,0,0,0,0,0,0,0,0,0,0,0,0,0,0,0,0,0,0,0,0,0,0,0,0,0,0,0,0,1,1,1,1,1,1,1,1
226,73-72,,,,0,0,,,,,,,,,,,,,,,,,,,,,,,,,,,,,,,,,,0,1,1,1,1,1,1,1,1
227,71-100,40311.287,1105.5,1,5,2,0,3,4,4,4,0,0,0,0,0,0,0,0,0,0,0,0,0,0,0,0,0,0,0,0,0,0,0,0,0,0,0,0,49,1145.87,1556.34,3485.46,4117.32,1059.53,2078.91,2091.76,2743.7
228,100-71,,,,4,3,,,,,,,,,,,,,,,,,,,,,,,,,,,,,,,,,,43,982.87,1200.22,3223.81,3746.49,1364.04,2266.25,2214.75,3274.65
229,63-98,42863.368,3300,1,2,1,0,3,5,9,9,0,0,0,1,0,0,2,0,0,1,0,0,4,0,0,0,0,0,0,0,0,0,0,0,1,0,0,0,37,840.45,704.01,1489.66,3732.57,1406.59,1841.33,3393.86,3078.62
230,98-63,,,,3,3,,,,,,,,,,,,,,,,,,,,,,,,,,,,,,,,,,40,1127.41,935.3,1857.03,4632.37,2011,2118.78,3257.64,2439.35
231,98-101,80294.503,1432.5,1,6,3,0,3,11,12,12,0,0,0,0,0,1,1,0,2,2,0,0,0,0,0,0,0,0,0,0,0,0,0,0,1,0,0,0,60,826.39,882.59,1226.52,1875.82,506.95,2597.18,1001.15,2282.09
232,101-98,,,,4,5,,,,,,,,,,,,,,,,,,,,,,,,,,,,,,,,,,92,3092.75,3408.48,6271.85,7987.87,3380.67,4375.28,4458.4,5896.31
233,101-100,2251.788,1251.2,1,0,0,0,3,0,0,0,0,0,0,0,0,0,0,0,0,0,0,0,0,0,0,0,0,0,0,0,0,0,0,0,0,0,0,0,0,1,1,1,1,1,1,1,1
234,100-101,,,,0,0,,,,,,,,,,,,,,,,,,,,,,,,,,,,,,,,,,0,1,1,1,1,1,1,1,1
235,100-105,8770.32,3685,1,2,0,0,0,0,0,0,0,0,0,0,1,1,1,0,0,0,0,0,0,0,0,0,0,0,0,0,0,0,0,0,0,0,0,0,0,1,1,1,1,1,1,1,1
236,105-100,,,,3,0,,,,,,,,,,,,,,,,,,,,,,,,,,,,,,,,,,0,1,1,1,1,1,1,1,1
237,105-108,49026.549,1540.8,1,4,0,0,3,13,13,13,0,0,0,0,0,0,0,0,0,0,0,0,0,0,0,0,0,0,0,0,0,0,4,4,4,0,0,0,47,1326.29,1089.9,2187.25,3097.27,1417,1860.09,1631.82,4147.23
238,108-105,,,,9,0,,,,,,,,,,,,,,,,,,,,,,,,,,,,,,,,,,50,1308.88,907.52,2719.93,3362.7,948.46,1596.96,1181.92,3210.72
239,108-107,6106.16,1540.8,0,4,0,0,0,1,1,1,0,0,0,0,0,0,0,0,0,0,0,0,0,0,0,0,0,0,0,0,0,0,0,0,0,0,0,0,0,1,1,1,1,1,1,1,1
240,107-108,,,,0,0,,,,,,,,,,,,,,,,,,,,,,,,,,,,,,,,,,0,1,1,1,1,1,1,1,1
241,75-107,44675.972,7285.9,0,4,2,0,0,1,2,19,0,0,5,0,0,0,2,0,0,1,0,0,0,0,0,2,0,0,1,0,0,0,0,0,2,0,0,0,48,950.87,888.54,2254.38,3283.3,1372.07,1571.16,1430.72,3301.53
242,107-75,,,,2,0,,,,,,,,,,,,,,,,,,,,,,,,,,,,,,,,,,38,1202.71,696.97,2115.47,2912.28,618.06,1355.73,529.12,1865.55
243,106-107,5422.152,7285.9,0,0,0,0,0,0,0,0,0,0,0,0,0,0,0,0,0,0,0,0,0,0,0,0,0,0,0,0,0,0,0,0,0,0,0,0,0,1,1,1,1,1,1,1,1
244,107-106,,,,0,0,,,,,,,,,,,,,,,,,,,,,,,,,,,,,,,,,,0,1,1,1,1,1,1,1,1
245,76-77,31749.239,13850,1,17,31,1,4,0,0,13,0,0,4,0,0,0,0,0,0,0,0,0,0,0,0,6,0,0,0,0,0,3,0,0,0,0,0,0,13,899.18,507.92,710.12,3220.05,568.82,649.56,1178.43,7596.01
246,77-76,,,,13,20,,,,,,,,,,,,,,,,,,,,,,,,,,,,,,,,,,16,585.53,348.34,503.5,2365.51,490.51,531.51,867.21,6098.58
247,77-78,10181.622,13850,1,0,0,1,4,0,0,0,0,0,0,0,0,0,0,0,0,0,0,0,0,0,0,0,0,0,0,0,0,0,0,0,0,0,0,0,0,1,1,1,1,1,1,1,1
248,78-77,,,,0,0,,,,,,,,,,,,,,,,,,,,,,,,,,,,,,,,,,0,1,1,1,1,1,1,1,1
249,77-134,46605.278,13850,1,26,38,1,4,0,3,27,0,0,6,0,0,0,0,0,0,0,0,0,0,0,0,10,0,0,0,0,0,7,0,0,0,0,0,0,40,899.18,507.92,710.12,3220.05,568.82,649.56,1178.43,7596.01
250,134-77,,,,20,67,,,,,,,,,,,,,,,,,,,,,,,,,,,,,,,,,,39,585.53,348.34,503.5,2365.51,490.51,531.51,867.21,6098.58
251,81-135,61574.233,2252.5,1,5,17,1,4,8,8,8,0,0,0,0,0,0,0,0,1,1,1,1,1,1,12,12,0,0,6,0,0,7,0,0,0,0,0,0,48,1002.03,559.6,1143.09,1718.87,170.74,758.44,308.26,1243.74
252,135-81,,,,9,20,,,,,,,,,,,,,,,,,,,,,,,,,,,,,,,,,,69,724.78,563.3,1123.33,1489.94,737.29,577.47,1404.47,2589.69
253,82-141,62119.256,2555.2,1,13,17,1,4,12,15,15,0,0,0,0,0,0,0,0,0,0,0,2,2,0,0,0,0,1,1,0,10,10,0,0,2,0,0,0,57,774.95,818.94,1004.86,1192.25,277.41,532.15,489.42,2370.42
254,141-82,,,,12,22,,,,,,,,,,,,,,,,,,,,,,,,,,,,,,,,,,48,1068.97,396.4,1179.61,1048.84,139.94,415.71,257.89,1340.19
255,97-144,25301.239,7000,0,1,0,0,0,0,0,7,0,0,0,0,0,0,0,0,0,0,0,0,0,0,0,0,0,0,0,0,0,1,0,0,0,0,0,1,24,1144.09,1235.33,1896.95,5157.61,996.17,2644.01,1484.24,2602.71
256,144-97,,,,2,0,,,,,,,,,,,,,,,,,,,,,,,,,,,,,,,,,,29,2053.08,1983.44,2932.02,6797.09,1301.07,2986.32,1955.59,3437.09
257,144-145,3596.428,7000,0,0,0,0,0,0,0,0,0,0,0,0,0,0,0,0,0,0,0,0,0,0,0,0,1,2,2,0,0,0,0,0,0,1,0,0,7,1144.09,1235.33,1896.95,5157.61,996.17,2644.01,1484.24,2602.71
258,145-144,,,,0,0,,,,,,,,,,,,,,,,,,,,,,,,,,,,,,,,,,11,2053.08,1983.44,2932.02,6797.09,1301.07,2986.32,1955.59,3437.09
259,145-146,13936.813,1944.6,1,0,0,0,2,0,1,1,0,0,0,0,0,0,0,0,0,0,0,0,0,0,0,0,0,6,6,0,1,1,0,0,1,0,0,0,9,1144.09,1235.33,1896.95,5157.61,996.17,2644.01,1484.24,2602.71
260,146-145,,,,0,0,,,,,,,,,,,,,,,,,,,,,,,,,,,,,,,,,,8,2053.08,1983.44,2932.02,6797.09,1301.07,2986.32,1955.59,3437.09
261,146-149,18185.532,2958.3,1,0,0,0,2,0,1,1,0,0,0,0,0,0,0,0,0,0,0,0,0,0,0,0,0,5,5,0,0,0,0,0,0,0,0,0,16,1144.09,1235.33,1896.95,5157.61,996.17,2644.01,1484.24,2602.71
262,149-146,,,,0,2,,,,,,,,,,,,,,,,,,,,,,,,,,,,,,,,,,21,2053.08,1983.44,2932.02,6797.09,1301.07,2986.32,1955.59,3437.09
263,146-147,5581.756,1944.6,1,0,0,0,2,0,0,0,0,0,0,0,0,0,0,0,0,0,0,0,0,0,0,0,0,0,0,0,0,0,0,0,0,0,0,0,0,1,1,1,1,1,1,1,1
264,147-146,,,,0,0,,,,,,,,,,,,,,,,,,,,,,,,,,,,,,,,,,0,1,1,1,1,1,1,1,1
265,147-148,18272.437,1669.1,1,0,1,0,3,0,0,0,0,0,0,0,0,0,0,0,0,0,0,0,0,0,0,0,0,0,0,0,0,0,0,0,0,0,0,0,0,1,1,1,1,1,1,1,1
266,148-147,,,,0,1,,,,,,,,,,,,,,,,,,,,,,,,,,,,,,,,,,0,1,1,1,1,1,1,1,1
267,149-150,8403.419,3500,1,0,0,0,0,0,0,0,0,0,0,0,0,0,0,0,0,0,0,0,0,0,0,0,0,0,0,0,0,0,0,0,0,0,0,0,0,1,1,1,1,1,1,1,1
268,150-149,,,,0,0,,,,,,,,,,,,,,,,,,,,,,,,,,,,,,,,,,0,1,1,1,1,1,1,1,1
269,148-149,5787.373,1669.1,1,0,0,0,0,0,0,0,0,0,0,0,0,0,0,0,0,0,0,0,0,0,0,0,1,1,1,0,0,0,1,1,1,0,0,0,8,3101.39,2640.61,7069.49,10145.82,2430.74,4833.06,3640.31,10461.36
270,149-148,,,,0,0,,,,,,,,,,,,,,,,,,,,,,,,,,,,,,,,,,9,2330.07,1855.44,6072.89,8953.43,1167.44,3561.33,2082.23,7950.78
271,143-148,24052.588,1669.1,1,0,0,0,0,1,1,1,0,0,0,0,1,1,1,0,0,0,0,0,0,0,0,0,0,0,0,0,0,0,0,0,0,0,0,0,26,3101.39,2640.61,7069.49,10145.82,2430.74,4833.06,3640.31,10461.36
272,148-143,,,,2,3,,,,,,,,,,,,,,,,,,,,,,,,,,,,,,,,,,18,2330.07,1855.44,6072.89,8953.43,1167.44,3561.33,2082.23,7950.78
273,142-143,25651.893,1838.1,1,1,0,0,0,0,0,0,0,0,0,0,1,1,1,0,0,0,0,0,0,0,0,0,0,0,0,0,0,0,0,0,0,1,0,0,45,3101.39,2640.61,7069.49,10145.82,2430.74,4833.06,3640.31,10461.36
274,143-142,,,,1,1,,,,,,,,,,,,,,,,,,,,,,,,,,,,,,,,,,31,2330.07,1855.44,6072.89,8953.43,1167.44,3561.33,2082.23,7950.78
275,140-142,61982.927,1839,1,3,4,0,0,9,9,9,0,0,0,0,2,3,3,4,4,4,0,0,0,0,0,0,0,0,0,0,0,0,1,1,1,0,0,0,71,3101.39,2640.61,7069.49,10145.82,2430.74,4833.06,3640.31,10461.36
276,142-140,,,,2,3,,,,,,,,,,,,,,,,,,,,,,,,,,,,,,,,,,52,2330.07,1855.44,6072.89,8953.43,1167.44,3561.33,2082.23,7950.78
277,140-141,1677.52,2025.7,1,0,0,1,4,0,0,0,0,0,0,0,0,0,0,0,0,0,0,0,0,0,0,0,1,1,1,0,0,0,0,0,0,0,0,0,0,1,1,1,1,1,1,1,1
278,141-140,,,,0,0,,,,,,,,,,,,,,,,,,,,,,,,,,,,,,,,,,0,1,1,1,1,1,1,1,1
279,135-141,9027.92,3632.8,1,0,0,0,0,0,0,0,0,0,0,0,0,0,0,0,0,0,0,0,0,0,0,0,0,0,0,0,0,0,1,1,0,0,0,0,0,1,1,1,1,1,1,1,1
280,141-135,,,,0,0,,,,,,,,,,,,,,,,,,,,,,,,,,,,,,,,,,0,1,1,1,1,1,1,1,1
281,135-136,6326.124,2549.7,1,0,0,1,4,2,2,2,0,0,0,0,0,0,0,0,0,0,0,0,0,0,0,1,0,0,0,0,2,2,0,1,1,0,0,0,0,1,1,1,1,1,1,1,1
282,136-135,,,,0,0,,,,,,,,,,,,,,,,,,,,,,,,,,,,,,,,,,0,1,1,1,1,1,1,1,1
283,136-137,7095.718,2038.7,1,0,0,1,4,1,2,2,0,0,0,0,0,0,0,0,0,0,0,0,0,0,0,0,0,0,1,3,3,4,0,0,0,0,0,0,0,1,1,1,1,1,1,1,1
284,137-136,,,,0,0,,,,,,,,,,,,,,,,,,,,,,,,,,,,,,,,,,0,1,1,1,1,1,1,1,1
285,137-138,9208.35,3005.3,1,0,0,1,0,0,0,0,0,0,0,0,0,0,0,0,0,0,0,0,0,0,0,0,0,0,0,0,0,0,0,0,0,0,0,0,0,1,1,1,1,1,1,1,1
286,138-137,,,,0,0,,,,,,,,,,,,,,,,,,,,,,,,,,,,,,,,,,0,1,1,1,1,1,1,1,1
287,138-139,3004.462,1721.5,1,0,0,1,4,0,0,0,0,0,0,0,0,0,0,0,0,0,0,0,0,0,0,0,1,1,1,1,1,1,0,0,0,0,0,0,0,1,1,1,1,1,1,1,1
288,139-138,,,,0,0,,,,,,,,,,,,,,,,,,,,,,,,,,,,,,,,,,0,1,1,1,1,1,1,1,1
289,139-140,8346.775,2750,1,0,0,1,0,0,0,0,0,0,0,0,0,0,0,0,0,0,0,0,0,0,0,0,0,0,0,0,0,0,0,0,0,0,0,0,0,1,1,1,1,1,1,1,1
290,140-139,,,,0,0,,,,,,,,,,,,,,,,,,,,,,,,,,,,,,,,,,0,1,1,1,1,1,1,1,1
291,139-150,119325.33,1066.2,1,9,8,0,3,7,7,7,0,0,0,0,0,0,0,0,0,0,0,0,0,0,0,0,3,3,3,0,0,0,2,2,2,0,0,0,127,3595.11,2638.76,7307.09,10628.76,2166.91,4071.88,2734.65,8219.95
292,150-139,,,,2,9,,,,,,,,,,,,,,,,,,,,,,,,,,,,,,,,,,102,892,1008.57,2336.13,3462.75,949.71,2562.75,1503.66,5666.48
293,134-136,76419.926,3621.5,1,25,29,0,0,1,3,39,2,4,6,0,0,0,5,0,0,2,0,0,0,0,0,1,0,0,1,0,0,0,0,0,4,0,0,0,124,4662.44,2830.23,6720.89,7789.03,3497.87,4786.68,3194.29,4177.37
294,136-134,,,,20,35,,,,,,,,,,,,,,,,,,,,,,,,,,,,,,,,,,45,758.52,864.64,871.46,1399.53,316.54,1721.74,377.99,1239.16
295,131-134,57139.006,3750,1,8,10,0,0,3,4,17,1,1,13,0,0,0,4,0,0,6,0,0,0,0,0,0,0,0,0,0,0,0,0,0,0,0,0,0,51,1875.52,1455.8,2875.54,3703.19,1352.07,2072,2316.75,2768.2
296,134-131,,,,3,2,,,,,,,,,,,,,,,,,,,,,,,,,,,,,,,,,,53,2516.49,1619.19,3337.73,4001.92,1558.16,2170.5,3485.21,3678
297,108-109,12257.676,1540.8,1,0,0,0,0,0,0,0,0,0,0,0,0,0,0,0,0,0,0,0,0,0,0,0,0,0,0,0,0,0,0,0,0,0,0,0,0,1,1,1,1,1,1,1,1
298,109-108,,,,0,0,,,,,,,,,,,,,,,,,,,,,,,,,,,,,,,,,,0,1,1,1,1,1,1,1,1
299,109-110,4944.786,1540.8,1,0,0,0,0,0,0,0,0,0,0,0,0,0,0,0,0,0,0,0,0,0,0,0,0,0,0,0,0,0,0,0,0,0,0,0,0,1,1,1,1,1,1,1,1
300,110-109,,,,0,0,,,,,,,,,,,,,,,,,,,,,,,,,,,,,,,,,,0,1,1,1,1,1,1,1,1
301,109-111,6689.017,1540.8,0,0,0,0,0,0,0,1,1,1,1,0,0,0,0,0,0,0,0,0,0,0,0,0,0,0,0,0,0,0,0,0,0,0,0,0,0,1,1,1,1,1,1,1,1
302,111-109,,,,0,0,,,,,,,,,,,,,,,,,,,,,,,,,,,,,,,,,,0,1,1,1,1,1,1,1,1
303,111-133,38183.842,5200,0,3,3,0,0,2,4,6,0,0,7,0,0,0,0,0,0,0,0,0,0,0,0,0,0,0,0,0,0,0,0,0,1,0,0,1,39,655.38,562.37,1389.33,2011.32,1328.38,1233.83,1094.92,2398.52
304,133-111,,,,4,1,,,,,,,,,,,,,,,,,,,,,,,,,,,,,,,,,,43,1628.58,730.25,2302.04,2514.79,739.79,1263.58,583.26,1532.86
305,127-133,4708.544,1100,0,0,0,0,0,1,1,1,0,0,0,0,0,0,0,0,0,0,0,0,0,0,0,0,0,0,0,0,0,0,0,0,0,0,0,0,0,1,1,1,1,1,1,1,1
306,133-127,,,,0,0,,,,,,,,,,,,,,,,,,,,,,,,,,,,,,,,,,0,1,1,1,1,1,1,1,1
307,125-127,23620.258,1100,1,1,1,0,4,8,8,8,0,0,0,0,0,0,0,0,0,0,0,0,0,0,0,0,0,0,0,0,0,0,0,0,0,0,0,0,23,1941.63,1015.72,2637.2,2982.33,873.98,1338.35,1976.55,2514.65
308,127-125,,,,0,1,,,,,,,,,,,,,,,,,,,,,,,,,,,,,,,,,,19,1180.43,970.19,2280.32,2954.26,1317.78,1666.01,2422.07,3058.76
309,125-123,10698.577,1100,1,0,0,0,4,2,2,2,0,0,0,0,0,0,0,0,0,0,0,0,0,0,0,0,0,0,0,2,2,2,1,1,1,0,0,0,7,1180.43,970.19,2280.32,2954.26,1317.78,1666.01,2422.07,3058.76
310,123-125,,,,1,1,,,,,,,,,,,,,,,,,,,,,,,,,,,,,,,,,,5,1941.63,1015.72,2637.2,2982.33,873.98,1338.35,1976.55,2514.65
311,123-124,1655.395,1100,1,0,0,0,4,0,0,0,0,0,0,0,0,0,0,0,0,0,0,0,0,0,0,0,0,0,0,0,0,0,0,0,0,0,0,0,0,1,1,1,1,1,1,1,1
312,124-123,,,,0,0,,,,,,,,,,,,,,,,,,,,,,,,,,,,,,,,,,0,1,1,1,1,1,1,1,1
313,122-123,13185.342,1100,1,0,0,0,4,1,1,1,0,0,0,0,0,0,0,0,0,0,0,0,0,0,0,0,0,0,0,0,0,0,0,0,0,0,0,0,18,1941.63,1015.72,2637.2,2982.33,873.98,1338.35,1976.55,2514.65
314,123-122,,,,1,0,,,,,,,,,,,,,,,,,,,,,,,,,,,,,,,,,,14,1180.43,970.19,2280.32,2954.26,1317.78,1666.01,2422.07,3058.76
315,120-122,6938.675,1837.3,1,0,1,0,4,1,1,1,0,0,0,0,1,1,1,0,0,0,0,0,0,0,0,0,0,0,0,0,0,0,1,1,1,0,0,0,7,1941.63,1015.72,2637.2,2982.33,873.98,1338.35,1976.55,2514.65
316,122-120,,,,0,0,,,,,,,,,,,,,,,,,,,,,,,,,,,,,,,,,,7,1180.43,970.19,2280.32,2954.26,1317.78,1666.01,2422.07,3058.76
317,120-121,5651.211,1837.3,1,0,0,0,4,0,0,0,0,0,0,0,0,0,0,0,0,0,0,0,0,0,0,0,0,0,0,0,0,0,0,0,0,0,0,0,0,1,1,1,1,1,1,1,1
318,121-120,,,,0,0,,,,,,,,,,,,,,,,,,,,,,,,,,,,,,,,,,0,1,1,1,1,1,1,1,1
319,116-120,9878.841,3000,1,0,0,0,0,0,0,0,0,0,0,0,0,0,0,0,0,0,0,0,0,0,0,0,0,0,0,0,0,0,0,0,0,0,0,0,0,1,1,1,1,1,1,1,1
320,120-116,,,,0,0,,,,,,,,,,,,,,,,,,,,,,,,,,,,,,,,,,0,1,1,1,1,1,1,1,1
321,116-117,11071.172,1801.7,1,1,0,0,3,0,0,0,0,0,0,1,0,0,0,0,0,0,0,0,0,0,0,0,0,0,0,0,0,0,0,0,0,0,0,0,12,4283.73,5221.89,10888.35,13001.83,3470.21,6071.67,7088.06,7801.37
322,117-116,,,,0,0,,,,,,,,,,,,,,,,,,,,,,,,,,,,,,,,,,11,4711.48,8736.55,15474.34,14595.03,5329.19,12195.48,10906.89,10790.31
323,104-116,51932.729,1800,1,5,2,0,3,0,0,0,0,0,0,1,0,0,0,0,0,0,0,0,0,0,0,0,0,0,0,0,0,0,1,1,1,1,0,0,47,4283.73,5221.89,10888.35,13001.83,3470.21,6071.67,7088.06,7801.37
324,116-104,,,,4,1,,,,,,,,,,,,,,,,,,,,,,,,,,,,,,,,,,60,4711.48,8736.55,15474.34,14595.03,5329.19,12195.48,10906.89,10790.31
325,103-104,6361.023,1800,1,0,0,0,3,0,0,0,0,0,0,1,0,0,0,0,0,0,0,0,0,0,0,0,0,0,0,0,0,0,0,0,0,0,0,0,4,4283.73,5221.89,10888.35,13001.83,3470.21,6071.67,7088.06,7801.37
326,104-103,,,,0,0,,,,,,,,,,,,,,,,,,,,,,,,,,,,,,,,,,8,4711.48,8736.55,15474.34,14595.03,5329.19,12195.48,10906.89,10790.31
327,102-103,3311.857,2350,1,0,0,0,3,0,0,0,0,0,0,1,0,0,0,0,0,0,0,0,0,0,0,0,0,0,0,0,0,0,0,0,0,0,0,0,0,1,1,1,1,1,1,1,1
328,103-102,,,,0,0,,,,,,,,,,,,,,,,,,,,,,,,,,,,,,,,,,0,1,1,1,1,1,1,1,1
329,101-102,7924.75,3500.7,1,0,0,0,0,0,1,1,0,0,0,0,0,0,0,0,0,0,0,0,0,0,0,0,0,0,0,0,0,0,0,0,0,0,0,0,0,1,1,1,1,1,1,1,1
330,102-101,,,,0,0,,,,,,,,,,,,,,,,,,,,,,,,,,,,,,,,,,0,1,1,1,1,1,1,1,1
331,99-102,78118.777,2350,1,2,2,0,3,4,4,4,0,1,1,1,0,0,0,0,0,0,0,0,0,0,0,0,0,0,0,0,0,0,0,0,0,2,0,0,49,1990.85,3189.59,4632.91,4601.58,1562.64,3434.89,3822.57,2921.39
332,102-99,,,,1,0,,,,,,,,,,,,,,,,,,,,,,,,,,,,,,,,,,94,1766.62,1470.43,3646.13,3989.48,2436.85,2542.95,3235.83,3047.29
333,98-99,9036.91,4593.2,1,0,0,0,0,0,0,0,0,0,0,0,0,0,0,0,0,0,0,0,0,0,0,0,0,0,0,0,0,0,0,0,0,0,0,0,0,1,1,1,1,1,1,1,1
334,99-98,,,,0,0,,,,,,,,,,,,,,,,,,,,,,,,,,,,,,,,,,0,1,1,1,1,1,1,1,1
335,99-112,33993.319,3125.5,1,2,1,0,3,2,3,4,0,0,0,1,0,0,2,0,0,0,0,0,2,0,0,3,0,0,0,0,0,1,0,0,2,1,0,0,25,1454.48,1850.42,2894.53,7105.54,3402.44,5304.59,9882.67,9745.48
336,112-99,,,,1,3,,,,,,,,,,,,,,,,,,,,,,,,,,,,,,,,,,26,3725.88,3427.76,6608.64,15775.95,3842.54,6059.92,9587.85,9245.26
337,112-113,8919.072,3700,1,0,0,0,3,0,0,0,0,0,0,1,0,0,0,0,0,0,0,0,0,0,0,4,0,0,0,0,0,0,0,0,0,0,0,0,6,1454.48,1850.42,2894.53,7105.54,3402.44,5304.59,9882.67,9745.48
338,113-112,,,,0,0,,,,,,,,,,,,,,,,,,,,,,,,,,,,,,,,,,6,3725.88,3427.76,6608.64,15775.95,3842.54,6059.92,9587.85,9245.26
339,113-114,38078.315,2550,1,5,2,0,3,0,0,0,0,0,0,1,0,0,0,0,0,0,0,0,0,0,11,17,0,0,0,0,0,0,0,0,0,0,0,0,30,1454.48,1850.42,2894.53,7105.54,3402.44,5304.59,9882.67,9745.48
340,114-113,,,,1,1,,,,,,,,,,,,,,,,,,,,,,,,,,,,,,,,,,27,3725.88,3427.76,6608.64,15775.95,3842.54,6059.92,9587.85,9245.26
341,114-115,7432.66,4075.4,1,0,0,0,3,0,0,0,0,0,0,1,0,0,0,0,0,0,0,0,0,0,0,1,0,0,0,0,0,0,0,0,0,0,0,0,7,1454.48,1850.42,2894.53,7105.54,3402.44,5304.59,9882.67,9745.48
342,115-114,,,,0,0,,,,,,,,,,,,,,,,,,,,,,,,,,,,,,,,,,5,3725.88,3427.76,6608.64,15775.95,3842.54,6059.92,9587.85,9245.26
343,115-151,75721.278,2904.9,1,5,3,0,3,2,3,4,0,0,0,1,0,1,2,0,0,0,0,0,9,0,5,11,0,0,5,0,0,3,0,0,0,1,0,0,46,1454.48,1850.42,2894.53,7105.54,3402.44,5304.59,9882.67,9745.48
344,151-115,,,,1,1,,,,,,,,,,,,,,,,,,,,,,,,,,,,,,,,,,51,3725.88,3427.76,6608.64,15775.95,3842.54,6059.92,9587.85,9245.26
345,151-152,13103.811,3287,1,1,0,0,3,0,1,1,0,0,0,1,0,0,2,0,0,0,0,0,1,0,0,0,0,0,0,0,0,0,0,0,0,0,0,0,13,589.48,622.03,2013.21,2415.85,1512.75,1470.62,1175.96,2296.65
346,152-151,,,,1,0,,,,,,,,,,,,,,,,,,,,,,,,,,,,,,,,,,18,610.68,584.1,1598.67,1939.43,672.04,1493.54,532.86,1354.46
347,152-153,13323.549,3626.6,1,1,0,0,3,2,3,3,0,0,0,1,0,0,1,0,0,0,0,0,1,0,0,0,0,0,0,0,0,0,0,0,0,1,0,0,11,589.48,622.03,2013.21,2415.85,1512.75,1470.62,1175.96,2296.65
348,153-152,,,,0,0,,,,,,,,,,,,,,,,,,,,,,,,,,,,,,,,,,12,610.68,584.1,1598.67,1939.43,672.04,1493.54,532.86,1354.46
349,153-154,21568.717,3600,1,0,1,0,3,1,1,1,0,0,0,1,0,0,0,0,0,0,0,0,3,0,0,3,0,0,0,0,0,0,0,0,0,0,0,0,17,725.15,785.5,2341.08,2783.06,1577.33,1551.33,1331.83,2794.02
350,154-153,,,,0,0,,,,,,,,,,,,,,,,,,,,,,,,,,,,,,,,,,21,969.14,921.69,2582.3,3151.49,1455.53,1765.73,1185.61,2565.29
351,154-157,30893.77,2000,1,0,0,0,3,0,0,0,0,0,0,0,0,0,0,0,0,0,0,0,0,0,0,0,0,0,0,0,0,0,0,0,0,0,0,0,0,1,1,1,1,1,1,1,1
352,157-154,,,,0,0,,,,,,,,,,,,,,,,,,,,,,,,,,,,,,,,,,0,1,1,1,1,1,1,1,1
353,157-158,18977.794,2000,1,0,0,0,3,0,0,0,0,0,0,0,0,0,0,0,0,0,0,0,0,0,0,0,0,0,0,0,0,0,0,0,0,0,0,0,0,1,1,1,1,1,1,1,1
354,158-157,,,,1,0,,,,,,,,,,,,,,,,,,,,,,,,,,,,,,,,,,0,1,1,1,1,1,1,1,1
355,158-159,6622.586,2000,1,0,0,0,3,0,0,0,0,0,0,0,0,0,0,0,0,0,0,0,0,0,0,0,0,0,0,0,0,0,0,0,0,0,0,0,0,1,1,1,1,1,1,1,1
356,159-158,,,,0,0,,,,,,,,,,,,,,,,,,,,,,,,,,,,,,,,,,0,1,1,1,1,1,1,1,1
357,154-155,23525.651,3601.3,1,1,5,0,3,5,7,7,0,0,0,1,0,0,1,0,0,0,0,0,3,0,0,6,0,0,0,0,0,1,0,0,3,0,0,0,25,725.15,785.5,2341.08,2783.06,1577.33,1551.33,1331.83,2794.02
358,155-154,,,,2,0,,,,,,,,,,,,,,,,,,,,,,,,,,,,,,,,,,24,969.14,921.69,2582.3,3151.49,1455.53,1765.73,1185.61,2565.29
359,155-159,24706.185,2076.4,1,0,0,0,3,1,1,1,0,0,0,1,0,0,0,0,0,0,0,0,0,0,0,0,0,0,0,0,0,0,0,0,0,0,0,0,15,4711.48,8736.55,15474.34,14595.03,5329.19,12195.48,10906.89,10790.31
360,159-155,,,,0,0,,,,,,,,,,,,,,,,,,,,,,,,,,,,,,,,,,15,4283.73,5221.89,10888.35,13001.83,3470.21,6071.67,7088.06,7801.37
361,159-160,13509.03,2003,1,0,0,0,3,1,1,1,0,0,0,1,1,1,1,0,0,0,0,0,0,0,0,0,0,0,0,0,0,0,0,0,0,0,0,0,13,4711.48,8736.55,15474.34,14595.03,5329.19,12195.48,10906.89,10790.31
362,160-159,,,,0,0,,,,,,,,,,,,,,,,,,,,,,,,,,,,,,,,,,13,4283.73,5221.89,10888.35,13001.83,3470.21,6071.67,7088.06,7801.37
363,160-161,2155.33,2000,1,0,0,0,3,0,0,0,0,0,0,0,0,0,0,0,0,0,0,0,0,0,0,0,0,0,0,0,0,0,0,0,0,0,0,0,0,1,1,1,1,1,1,1,1
364,161-160,,,,0,0,,,,,,,,,,,,,,,,,,,,,,,,,,,,,,,,,,0,1,1,1,1,1,1,1,1
365,160-117,43670.922,2000,1,0,2,0,3,1,1,1,0,0,0,1,0,0,0,0,0,0,0,0,0,0,0,0,0,0,0,0,0,0,0,0,0,0,0,0,47,4711.48,8736.55,15474.34,14595.03,5329.19,12195.48,10906.89,10790.31
366,117-160,,,,2,1,,,,,,,,,,,,,,,,,,,,,,,,,,,,,,,,,,51,4283.73,5221.89,10888.35,13001.83,3470.21,6071.67,7088.06,7801.37
367,117-118,5848.026,1750,1,0,0,0,0,0,0,0,0,0,0,0,0,0,0,0,0,0,0,0,0,0,0,0,0,0,0,0,0,0,0,0,0,0,0,0,0,1,1,1,1,1,1,1,1
368,118-117,,,,0,0,,,,,,,,,,,,,,,,,,,,,,,,,,,,,,,,,,0,1,1,1,1,1,1,1,1
369,118-119,5600.018,1750,1,0,0,0,4,1,1,1,0,0,0,0,0,0,0,0,0,0,0,0,0,0,0,0,0,0,0,0,0,0,0,0,0,0,0,0,11,1402.85,842.67,2061.36,2507.9,558.31,926.4,1085.82,1608.2
370,119-118,,,,0,0,,,,,,,,,,,,,,,,,,,,,,,,,,,,,,,,,,11,403.89,533.2,977.2,1304.29,916.94,1068.87,1371.97,1825.02
371,119-120,6601.343,1750,1,0,1,0,0,0,0,0,0,0,0,0,0,0,0,0,0,0,0,0,0,0,0,0,0,0,0,0,0,0,0,0,0,0,0,0,0,1,1,1,1,1,1,1,1
372,120-119,,,,1,0,,,,,,,,,,,,,,,,,,,,,,,,,,,,,,,,,,0,1,1,1,1,1,1,1,1
373,119-126,33432.145,1750,1,2,2,0,4,10,10,10,0,0,0,0,0,0,0,0,0,0,0,0,0,0,0,0,0,0,0,0,0,0,0,0,0,0,0,0,21,1402.85,842.67,2061.36,2507.9,558.31,926.4,1085.82,1608.2
374,126-119,,,,0,1,,,,,,,,,,,,,,,,,,,,,,,,,,,,,,,,,,19,403.89,533.2,977.2,1304.29,916.94,1068.87,1371.97,1825.02
375,126-128,21463.935,1900,1,1,0,0,4,6,6,6,0,0,0,0,1,1,1,0,0,0,0,0,0,0,0,0,0,0,0,0,0,0,0,0,0,1,0,0,19,657.55,440.29,1047.11,1282.98,457.26,715.32,797.78,960.72
376,128-126,,,,0,1,,,,,,,,,,,,,,,,,,,,,,,,,,,,,,,,,,16,486.43,378.84,738.4,952.75,375.53,654.81,739.05,1010.43
377,128-127,6316.975,3320.7,1,0,0,0,0,0,0,0,0,0,0,0,0,0,0,0,0,0,0,0,0,0,0,0,0,0,0,0,0,0,0,0,0,0,0,0,0,1,1,1,1,1,1,1,1
378,127-128,,,,0,0,,,,,,,,,,,,,,,,,,,,,,,,,,,,,,,,,,0,1,1,1,1,1,1,1,1
379,128-129,5609.047,1750,1,0,0,0,0,1,1,1,1,1,1,0,0,0,0,0,0,0,0,0,0,0,0,0,0,0,0,0,0,0,0,0,0,0,0,0,0,1,1,1,1,1,1,1,1
380,129-128,,,,0,0,,,,,,,,,,,,,,,,,,,,,,,,,,,,,,,,,,0,1,1,1,1,1,1,1,1
381,129-130,4163.818,1950,0,0,0,0,0,0,0,0,0,0,0,0,0,0,0,0,0,0,0,0,0,0,0,0,0,0,0,0,0,0,0,0,0,0,0,0,0,1,1,1,1,1,1,1,1
382,130-129,,,,0,0,,,,,,,,,,,,,,,,,,,,,,,,,,,,,,,,,,0,1,1,1,1,1,1,1,1
383,130-131,3255.283,1650,1,0,0,0,0,0,0,0,0,0,0,0,0,0,0,0,0,0,0,0,0,0,0,0,0,0,0,0,0,0,0,0,0,0,0,0,0,1,1,1,1,1,1,1,1
384,131-130,,,,0,0,,,,,,,,,,,,,,,,,,,,,,,,,,,,,,,,,,0,1,1,1,1,1,1,1,1
385,131-132,3331.427,1650,1,0,0,0,0,0,0,0,0,0,0,0,0,0,0,0,0,0,0,0,0,0,0,0,0,0,0,0,0,0,0,0,0,0,0,0,0,1,1,1,1,1,1,1,1
386,132-131,,,,0,0,,,,,,,,,,,,,,,,,,,,,,,,,,,,,,,,,,0,1,1,1,1,1,1,1,1
387,132-133,4511.622,1650,0,0,0,0,0,1,1,1,0,0,0,0,0,0,0,0,0,0,0,0,0,0,0,0,0,0,0,0,0,0,1,1,1,0,0,0,0,1,1,1,1,1,1,1,1
388,133-132,,,,0,0,,,,,,,,,,,,,,,,,,,,,,,,,,,,,,,,,,0,1,1,1,1,1,1,1,1
389,129-167,46862.967,5900,0,4,0,0,0,1,2,14,0,0,2,0,0,0,0,0,0,0,0,0,0,0,0,0,0,0,0,0,0,0,0,0,0,0,0,0,35,2314.06,1250.27,4015.14,5516.41,1889.3,2026.19,1860.55,4627.82
390,167-129,,,,1,0,,,,,,,,,,,,,,,,,,,,,,,,,,,,,,,,,,33,1256.25,936.62,2591.18,3927.42,1410.01,1985.46,1402.7,4060.86
391,167-168,3180.959,5245.5,0,0,0,0,0,0,0,0,0,0,0,0,0,0,0,0,0,0,0,0,0,0,0,0,0,0,0,0,0,0,0,0,0,0,0,0,0,1,1,1,1,1,1,1,1
392,168-167,,,,0,0,,,,,,,,,,,,,,,,,,,,,,,,,,,,,,,,,,0,1,1,1,1,1,1,1,1
393,166-167,31066.836,5245.5,0,0,2,0,0,0,0,1,0,0,0,0,0,0,1,0,0,0,0,0,0,0,0,0,0,0,2,0,0,0,0,0,2,0,0,0,28,1256.25,936.62,2591.18,3927.42,1410.01,1985.46,1402.7,4060.86
394,167-166,,,,1,5,,,,,,,,,,,,,,,,,,,,,,,,,,,,,,,,,,30,2314.06,1250.27,4015.14,5516.41,1889.3,2026.19,1860.55,4627.82
395,126-165,50969.151,3906.4,0,1,0,0,0,1,21,36,0,0,0,0,0,0,0,0,0,0,0,0,0,0,0,0,0,0,0,0,0,0,0,0,0,1,0,0,53,1821.03,2697.15,7322.41,4623.08,1753.9,3066.01,3428.38,4903.24
396,165-126,,,,0,0,,,,,,,,,,,,,,,,,,,,,,,,,,,,,,,,,,45,1980.19,2960.79,6877.97,4512.4,1859.34,3369.08,3160.88,4294.62
397,118-162,53786.889,2000,1,2,1,0,3,15,15,15,0,0,0,0,1,1,1,0,0,0,0,0,0,0,0,0,0,0,0,0,0,0,1,1,1,1,0,0,55,2490.99,2505.9,4212.17,4619.37,2504.74,3386.7,3253.07,4672.9
398,162-118,,,,2,0,,,,,,,,,,,,,,,,,,,,,,,,,,,,,,,,,,54,1730.53,1961.57,3543.69,4483.62,1446.97,2374.64,2092.12,3593.12
399,162-156,28207.385,2150,1,1,1,0,3,1,1,1,0,0,0,0,0,0,0,0,0,0,0,0,0,0,0,0,0,0,0,0,0,0,2,2,2,1,0,0,25,765.18,971.87,1920.99,2294.23,973.84,1399.72,1606.26,1736.15
400,156-162,,,,0,0,,,,,,,,,,,,,,,,,,,,,,,,,,,,,,,,,,20,825.75,1062.83,1703.18,2183.81,774.48,1229.55,1115.59,1314.45
401,155-156,6535.053,4700,1,0,0,0,0,1,1,1,0,0,0,0,0,0,0,0,0,0,0,0,0,0,0,0,0,0,0,0,0,0,0,0,0,1,0,0,0,1,1,1,1,1,1,1,1
402,156-155,,,,0,0,,,,,,,,,,,,,,,,,,,,,,,,,,,,,,,,,,0,1,1,1,1,1,1,1,1
403,162-163,28466.041,3996.6,0,0,0,0,0,2,3,13,0,0,1,0,0,0,0,0,0,0,0,0,0,0,0,0,0,0,0,0,0,1,0,0,1,0,0,0,23,495.8,756.32,1085.31,1536.87,460.3,1005.05,728.76,1285.28
404,163-162,,,,0,0,,,,,,,,,,,,,,,,,,,,,,,,,,,,,,,,,,26,1525.17,1840.87,3788.87,3430.9,1347.95,1902.63,1970.52,2627.15
405,163-164,2342.26,3996.6,0,0,0,0,0,0,0,0,0,0,0,0,0,0,0,0,0,0,0,0,0,0,0,0,0,0,0,0,0,0,0,0,0,0,0,0,0,1,1,1,1,1,1,1,1
406,164-163,,,,0,0,,,,,,,,,,,,,,,,,,,,,,,,,,,,,,,,,,0,1,1,1,1,1,1,1,1
407,163-165,7990.86,3996.6,0,0,0,0,0,1,4,8,0,0,0,0,0,0,0,0,0,0,0,0,0,0,0,0,0,0,0,0,0,1,0,0,1,0,0,0,5,495.8,756.32,1085.31,1536.87,460.3,1005.05,728.76,1285.28
408,165-163,,,,0,0,,,,,,,,,,,,,,,,,,,,,,,,,,,,,,,,,,5,1525.17,1840.87,3788.87,3430.9,1347.95,1902.63,1970.52,2627.15
409,156-166,57049.245,2788.6,1,2,10,0,3,4,7,13,0,0,0,1,1,1,2,0,0,0,0,0,4,0,0,0,8,8,9,0,0,0,0,1,2,0,0,0,47,1050.91,1154.6,2089.51,3784.14,2706.85,3185.86,4419.91,3854.4
410,166-156,,,,3,0,,,,,,,,,,,,,,,,,,,,,,,,,,,,,,,,,,48,1657.95,1736.69,4504.82,6362.28,1642.51,2006.93,2338.5,2028.89
411,166-169,61665.63,3974.9,1,6,11,0,3,4,9,18,0,0,0,1,0,0,0,0,0,0,0,0,4,0,0,0,0,0,2,0,0,0,0,0,0,1,0,0,61,1951.97,1667.08,5941.96,7443.14,2323.09,3084.97,4848.19,3687.71
412,169-166,,,,17,4,,,,,,,,,,,,,,,,,,,,,,,,,,,,,,,,,,52,1578.56,1867.11,6918.16,6820.27,2012.04,3626.32,4378.99,2685.17
413,134-169,79197.049,14883.2,1,66,78,1,4,1,4,43,1,1,9,0,0,0,0,0,0,0,0,0,0,1,1,26,0,0,9,0,0,8,0,0,1,0,0,0,49,411.58,191.44,627.97,802.83,397.78,1218.98,1062.01,2647.05
414,169-134,,,,36,49,,,,,,,,,,,,,,,,,,,,,,,,,,,,,,,,,,46,287.55,131.24,401.02,618.25,269.18,700.72,770.84,1822.44
415,169-170,10217.238,14883.2,1,0,0,1,4,0,0,0,0,0,0,0,0,0,0,0,0,0,0,0,0,0,0,0,0,0,0,0,0,0,0,0,0,0,0,0,0,1,1,1,1,1,1,1,1
416,170-169,,,,0,0,,,,,,,,,,,,,,,,,,,,,,,,,,,,,,,,,,0,1,1,1,1,1,1,1,1
417,169-171,26117.737,3000,1,9,25,0,3,8,8,9,0,0,0,1,0,1,1,0,0,1,0,0,0,0,0,1,0,0,0,0,0,0,0,0,0,0,0,0,17,2024.92,1815.79,4816.05,6525.17,2204.51,2514.55,4391.92,3192.89
418,171-169,,,,7,20,,,,,,,,,,,,,,,,,,,,,,,,,,,,,,,,,,15,778.34,1117.22,2697.76,3687.98,814.69,1948.7,1801,1699.98
419,171-172,28553.876,2150.4,1,6,16,0,3,5,7,12,0,0,0,1,0,0,3,0,0,0,0,0,0,0,0,0,0,1,12,0,0,0,0,0,0,0,0,0,35,2024.92,1815.79,4816.05,6525.17,2204.51,2514.55,4391.92,3192.89
420,172-171,,,,4,10,,,,,,,,,,,,,,,,,,,,,,,,,,,,,,,,,,22,778.34,1117.22,2697.76,3687.98,814.69,1948.7,1801,1699.98
421,137-172,62988.99,2128.6,1,9,7,1,4,12,12,12,0,0,0,0,0,0,0,0,1,1,0,0,0,0,0,0,0,4,4,0,6,9,0,0,0,0,0,0,53,533.31,390.01,764.08,1132.44,162.75,558.11,277.98,1438.21
422,172-137,,,,12,17,,,,,,,,,,,,,,,,,,,,,,,,,,,,,,,,,,64,1228.34,780.59,1806.73,1680.2,377.11,701.24,673.95,2562.17
423,172-173,8237.213,5442.5,1,0,0,0,0,0,1,1,0,0,0,0,0,0,0,0,0,0,0,0,0,0,0,0,0,0,0,0,0,0,0,0,0,0,0,0,0,1,1,1,1,1,1,1,1
424,173-172,,,,0,0,,,,,,,,,,,,,,,,,,,,,,,,,,,,,,,,,,0,1,1,1,1,1,1,1,1
425,138-173,62553.051,1650.2,1,10,11,0,4,7,7,7,0,0,0,0,1,1,1,0,0,0,0,0,0,0,0,0,0,16,16,7,7,7,0,3,3,0,0,0,65,1573.71,699.79,1561.86,1620.85,188.53,713.97,313.7,1702.16
426,173-138,,,,7,5,,,,,,,,,,,,,,,,,,,,,,,,,,,,,,,,,,47,892.46,767.79,1212.16,1373.32,306.45,560.98,605.06,2461.53
427,173-174,62553.051,1650.2,1,0,0,1,3,0,0,0,0,0,0,0,0,0,0,0,0,0,0,0,0,0,0,0,0,0,0,0,0,0,0,0,0,0,0,0,0,1,1,1,1,1,1,1,1
428,174-173,,,,0,0,,,,,,,,,,,,,,,,,,,,,,,,,,,,,,,,,,0,1,1,1,1,1,1,1,1
429,173-175,120439.576,2610.1,1,27,64,1,3,16,24,36,0,0,0,1,0,0,0,0,0,0,0,0,0,0,11,11,15,15,47,0,0,15,0,0,1,0,0,0,121,1692.59,1717.33,5956.21,6148.67,4394.05,5574.5,3872.13,7035.67
430,175-173,,,,10,23,,,,,,,,,,,,,,,,,,,,,,,,,,,,,,,,,,95,1657.83,1614.31,6427.9,7356.37,866.54,2452.68,1172.44,2690.32
431,150-175,65867.555,2411.9,1,2,1,0,3,0,0,0,0,0,0,0,0,0,0,0,0,0,0,0,0,0,0,0,0,0,0,0,1,1,0,0,0,0,0,0,72,2121.55,1400.83,2461.73,4970.59,660.28,1343.41,1693.67,1597.34
432,175-150,,,,2,3,,,,,,,,,,,,,,,,,,,,,,,,,,,,,,,,,,62,1428.02,1691.72,2107.86,5439.17,1572.35,3522.09,2390.31,3746.81
433,21-212,5209.508,5000,1,0,1,0,0,2,0,2,0,0,0,0,0,0,0,0,0,0,0,0,0,0,0,0,0,0,0,0,0,0,0,0,0,0,0,0,0,1,1,1,1,1,1,1,1
434,212-21,,,,0,0,,,,,,,,,,,,,,,,,,,,,,,,,,,,,,,,,,0,1,1,1,1,1,1,1,1
435,212-211,79606.206,2900,1,3,2,0,1,2,2,4,0,0,0,1,0,0,3,0,0,2,0,0,6,0,0,1,0,0,14,0,0,1,0,0,5,0,0,0,56,1554.81,1458.7,2569.64,6711.53,1012.33,2543.34,1664.09,3663.01
436,211-212,,,,0,1,,,,,,,,,,,,,,,,,,,,,,,,,,,,,,,,,,56,1029.43,1262.61,2120.61,5291.32,1012.18,3229.34,2196.69,4533.75
437,211-210,10008.819,4150,1,0,0,0,3,2,1,3,0,0,0,1,0,0,0,0,0,0,0,0,0,0,0,0,0,0,0,0,0,0,0,0,0,0,0,0,14,380.11,332.34,551.27,1298.62,283.85,589.22,362.71,635.67
438,210-211,,,,1,0,,,,,,,,,,,,,,,,,,,,,,,,,,,,,,,,,,18,363.21,410.83,569.62,1379.65,360.68,809.36,534.51,896.67
439,210-208,41454.128,2790,1,0,0,0,3,1,1,3,0,0,0,1,0,0,0,0,0,0,0,5,5,0,0,0,0,0,1,0,0,0,0,0,2,0,0,0,29,790.36,826.99,1373.88,3340.38,714.85,1656.68,1078.73,1958.45
440,208-210,,,,0,0,,,,,,,,,,,,,,,,,,,,,,,,,,,,,,,,,,26,551.46,657.18,1166.72,3132.31,430.71,1372.56,1000.42,2045.64
441,208-209,24885.344,2150,1,0,0,0,3,2,2,4,0,0,0,1,0,0,1,0,0,0,0,0,6,0,0,0,0,0,0,0,0,0,0,0,1,0,0,0,16,1345.22,995.4,3193.08,4088.75,1780.49,2225.5,1302.21,2956.38
442,209-208,,,,2,0,,,,,,,,,,,,,,,,,,,,,,,,,,,,,,,,,,15,524.32,739.61,1966.66,2607.78,1402.07,1718.27,1373.37,2878.07
443,209-199,22339.709,2150,1,0,0,0,3,3,1,4,0,0,0,1,0,0,2,0,0,0,0,0,2,0,0,0,0,0,0,0,0,0,0,0,1,0,0,0,15,1345.22,995.4,3193.08,4088.75,1780.49,2225.5,1302.21,2956.38
444,199-209,,,,0,0,,,,,,,,,,,,,,,,,,,,,,,,,,,,,,,,,,12,524.32,739.61,1966.66,2607.78,1402.07,1718.27,1373.37,2878.07
445,199-198,46451.772,2635,1,5,0,0,3,3,2,9,0,0,0,1,0,0,0,0,0,4,0,0,0,0,0,0,0,0,0,0,0,0,0,0,1,0,0,0,51,1247.88,902.09,3122.35,3618.7,1822.37,1924.68,1469.83,2869.8
446,198-199,,,,3,0,,,,,,,,,,,,,,,,,,,,,,,,,,,,,,,,,,44,422.2,744.24,1640.58,2104.08,1204.42,1572.05,1218.9,2726.18
447,198-187,8273.581,2980,1,3,0,0,0,1,0,1,0,0,0,0,0,0,0,0,0,0,0,0,0,0,0,0,0,0,0,0,0,0,0,0,0,0,0,0,0,1,1,1,1,1,1,1,1
448,197-187,,,,0,0,,,,,,,,,,,,,,,,,,,,,,,,,,,,,,,,,,0,1,1,1,1,1,1,1,1
449,187-186,60036.483,2670,1,5,1,0,3,7,1,10,0,0,0,1,0,0,0,0,0,0,0,0,6,0,0,0,0,0,0,0,0,0,0,0,1,0,0,0,74,1934.84,1371.81,4645.72,5339.63,2673.74,2583.75,2144.78,3934.75
450,186-187,,,,1,2,,,,,,,,,,,,,,,,,,,,,,,,,,,,,,,,,,61,538.42,945.61,2269.3,2854.54,1562.17,2251.06,1610.69,3715.67
451,186-181,11013.26,1840,1,1,0,0,0,1,1,2,0,0,0,0,0,0,0,0,0,0,0,0,0,0,0,0,0,0,0,0,0,0,0,0,0,0,0,0,0,1,1,1,1,1,1,1,1
452,181-186,,,,0,0,,,,,,,,,,,,,,,,,,,,,,,,,,,,,,,,,,0,1,1,1,1,1,1,1,1
453,181-180,45438.298,2940,1,2,1,0,3,3,1,4,0,0,0,1,0,0,0,0,0,2,0,0,9,0,0,0,0,0,3,0,0,0,0,0,3,0,0,0,42,914.87,1085.33,2031.03,4064.04,852.38,1774.98,2491.18,1914.1
454,180-181,,,,1,1,,,,,,,,,,,,,,,,,,,,,,,,,,,,,,,,,,42,740.13,924.15,2107.98,3847.27,1218.72,1764.87,2687.44,2818.81
455,180-178,10905.03,5150,1,11,0,0,3,1,0,2,0,0,0,1,0,0,1,0,0,0,0,0,0,0,0,0,0,0,1,0,0,0,0,0,0,0,0,0,13,661.87,794.65,1962.11,2684.43,543.77,1182.11,1673.68,1316.1
456,178-180,,,,0,8,,,,,,,,,,,,,,,,,,,,,,,,,,,,,,,,,,14,638.16,640.94,1967.95,2898.44,1053.64,1498.21,1944.13,1995.68
457,178-179,13235.638,5150,1,0,0,0,3,0,0,0,0,0,0,0,0,0,0,0,0,0,0,0,0,0,0,0,0,0,0,0,0,0,0,0,0,0,0,0,0,1,1,1,1,1,1,1,1
458,179-178,,,,0,0,,,,,,,,,,,,,,,,,,,,,,,,,,,,,,,,,,0,1,1,1,1,1,1,1,1
459,178-177,11472.925,3910,1,1,8,0,3,1,0,2,0,0,0,1,0,0,0,0,0,0,0,0,1,0,0,0,0,0,0,0,0,0,0,0,0,0,0,0,13,661.87,794.65,1962.11,2684.43,543.77,1182.11,1673.68,1316.1
460,177-178,,,,1,9,,,,,,,,,,,,,,,,,,,,,,,,,,,,,,,,,,19,638.16,640.94,1967.95,2898.44,1053.64,1498.21,1944.13,1995.68
461,177-176,80982.651,3850,1,5,5,0,3,2,1,81,0,0,0,1,0,0,3,0,0,2,0,0,11,0,0,0,0,0,5,0,0,0,0,0,3,0,0,0,67,1392.15,1071.14,3897.67,4743.49,870.6,2632.51,875.01,2146.85
462,176-177,,,,8,4,,,,,,,,,,,,,,,,,,,,,,,,,,,,,,,,,,82,1325.55,1228.84,5496.38,6278.77,2850.86,3447.26,2586.97,5249.03
463,176-175,11861.818,4980,1,1,2,0,0,1,0,3,0,0,0,0,0,0,0,0,0,0,0,0,0,0,0,0,0,0,0,0,0,0,0,0,0,0,0,0,0,1,1,1,1,1,1,1,1
464,175-176,,,,3,10,,,,,,,,,,,,,,,,,,,,,,,,,,,,,,,,,,0,1,1,1,1,1,1,1,1
465,176-182,62552.456,2050,1,0,5,0,3,0,0,0,0,0,0,1,0,0,0,0,0,0,0,0,3,0,0,0,0,0,0,0,0,0,0,1,1,0,0,0,59,2216.96,1621.9,2785.04,6213.12,815.28,2538.62,1423.43,2777.98
466,182-176,,,,0,1,,,,,,,,,,,,,,,,,,,,,,,,,,,,,,,,,,54,1160.66,908.22,1639.23,2984.23,980.91,2277.75,1338.1,1953.43
467,182-150,11771.406,3980,1,0,2,0,0,0,0,0,0,0,0,0,0,0,0,0,0,0,0,0,0,0,0,0,0,0,0,0,0,0,0,0,0,0,0,0,0,1,1,1,1,1,1,1,1
468,150-182,,,,0,0,,,,,,,,,,,,,,,,,,,,,,,,,,,,,,,,,,0,1,1,1,1,1,1,1,1
469,182-183,10481.883,3900,1,0,3,0,0,0,0,0,0,0,0,0,0,0,0,0,0,0,0,0,0,0,0,0,0,0,0,0,0,0,0,0,0,0,0,0,0,1,1,1,1,1,1,1,1
470,183-182,,,,2,0,,,,,,,,,,,,,,,,,,,,,,,,,,,,,,,,,,0,1,1,1,1,1,1,1,1
471,183-190,16186.36,3530,1,1,2,1,3,0,0,0,0,0,0,0,0,0,0,0,0,0,0,0,0,0,0,0,0,0,0,0,0,0,0,0,0,0,0,0,9,1697.13,1357.24,2383.57,5193.02,1020.97,2282.57,1500.09,2720.51
472,190-183,,,,1,0,,,,,,,,,,,,,,,,,,,,,,,,,,,,,,,,,,14,1279.32,1379.37,1827.57,4320.65,1262.59,2624.17,1802.98,3365.63
473,190-191,1806.651,3530,0,0,0,1,0,0,0,0,0,0,0,0,0,0,0,0,0,0,0,0,0,0,0,0,0,0,0,0,0,0,0,0,0,0,0,0,0,1,1,1,1,1,1,1,1
474,191-190,,,,0,0,,,,,,,,,,,,,,,,,,,,,,,,,,,,,,,,,,0,1,1,1,1,1,1,1,1
475,190-189,43534.167,3850,1,3,9,1,3,0,0,0,0,0,0,0,0,0,0,0,0,0,0,0,4,0,0,0,0,0,0,0,0,0,0,0,1,0,0,0,53,1697.13,1357.24,2383.57,5193.02,1020.97,2282.57,1500.09,2720.51
476,189-190,,,,3,1,,,,,,,,,,,,,,,,,,,,,,,,,,,,,,,,,,54,1279.32,1379.37,1827.57,4320.65,1262.59,2624.17,1802.98,3365.63
477,189-97,8657.224,3300,1,0,0,0,0,2,0,2,0,0,0,0,0,0,0,0,0,0,0,0,0,0,0,0,0,0,0,0,0,0,0,0,0,0,0,0,0,1,1,1,1,1,1,1,1
478,97-189,,,,0,0,,,,,,,,,,,,,,,,,,,,,,,,,,,,,,,,,,0,1,1,1,1,1,1,1,1
479,189-188,2803.313,3850,1,0,0,0,0,0,0,0,0,0,0,0,0,0,0,0,0,0,0,0,0,0,0,0,0,0,0,1,0,1,0,0,1,0,0,0,0,1,1,1,1,1,1,1,1
480,188-189,,,,0,0,,,,,,,,,,,,,,,,,,,,,,,,,,,,,,,,,,0,1,1,1,1,1,1,1,1
481,188-193,8824.719,3900,1,0,3,0,0,0,1,1,0,0,0,0,0,0,0,0,0,0,0,0,0,0,0,0,0,0,0,0,0,0,0,0,0,0,0,0,0,1,1,1,1,1,1,1,1
482,193-188,,,,0,0,,,,,,,,,,,,,,,,,,,,,,,,,,,,,,,,,,0,1,1,1,1,1,1,1,1
483,193-192,4121.252,1100,1,0,0,0,0,0,0,0,0,0,0,0,0,0,0,0,0,0,0,0,0,0,0,0,0,0,0,0,0,0,0,0,0,0,0,0,0,1,1,1,1,1,1,1,1
484,192-193,,,,0,0,,,,,,,,,,,,,,,,,,,,,,,,,,,,,,,,,,0,1,1,1,1,1,1,1,1
485,192-94,5546.604,3900,1,0,0,0,2,2,0,2,0,0,0,0,0,0,0,0,0,0,0,0,0,0,0,0,0,0,0,0,0,0,0,0,0,0,0,0,0,1,1,1,1,1,1,1,1
486,94-192,,,,0,0,,,,,,,,,,,,,,,,,,,,,,,,,,,,,,,,,,0,1,1,1,1,1,1,1,1
487,192-204,42015.957,7000,0,1,5,0,0,3,0,3,0,0,0,0,1,0,1,0,0,0,0,0,0,2,0,2,0,0,0,2,0,2,0,0,0,1,0,0,44,825.44,868.73,1381.86,2835.43,1054.8,1906.29,1387.42,2173.64
488,204-192,,,,0,2,,,,,,,,,,,,,,,,,,,,,,,,,,,,,,,,,,42,1170.97,715.94,1497.24,3104.16,539.31,1167.5,775.33,1406.71
489,204-205,46658.419,7000,0,1,0,0,0,5,0,5,0,0,0,0,0,0,0,0,0,0,0,0,0,2,0,2,0,0,0,2,0,2,0,0,0,1,0,1,27,665.86,686.56,1041.36,2330.66,643.02,1376.64,923.6,1770.12
490,205-204,,,,2,0,,,,,,,,,,,,,,,,,,,,,,,,,,,,,,,,,,38,1177.09,971.15,1588.37,3741.43,700.43,1720.61,1113.52,2277.2
491,205-213,10002.555,7000,0,1,0,0,0,0,0,0,1,0,1,0,1,0,1,0,0,0,0,0,0,2,0,2,0,0,0,2,0,2,2,0,2,0,0,0,7,345.62,642.09,598.93,1744.45,673.53,1395.99,958.41,1832.16
492,213-205,,,,0,0,,,,,,,,,,,,,,,,,,,,,,,,,,,,,,,,,,8,2039.17,1407.47,2058.15,4557.56,1042.13,2431.1,1417.85,2992.35
493,213-214,1516.592,7000,0,0,0,0,0,0,0,0,0,0,0,0,0,0,0,0,0,0,0,0,0,0,0,0,0,0,0,0,0,0,0,0,0,0,0,0,0,1,1,1,1,1,1,1,1
494,214-213,,,,0,0,,,,,,,,,,,,,,,,,,,,,,,,,,,,,,,,,,0,1,1,1,1,1,1,1,1
495,213-212,36603.516,7000,0,0,1,0,0,6,0,6,0,0,0,0,0,0,0,0,0,0,0,0,0,2,0,2,0,0,0,2,0,2,0,0,0,0,0,0,30,345.62,642.09,598.93,1744.45,673.53,1395.99,958.41,1832.16
496,212-213,,,,0,0,,,,,,,,,,,,,,,,,,,,,,,,,,,,,,,,,,28,2039.17,1407.47,2058.15,4557.56,1042.13,2431.1,1417.85,2992.35
497,205-206,17914.429,5500,0,0,0,0,0,0,0,0,0,0,2,0,0,0,2,0,0,0,0,0,0,0,0,0,0,0,0,0,0,1,0,0,3,0,0,0,21,903.66,1238.03,3294.93,4216.84,1020.38,2499.67,1693.78,5328.19
498,206-205,,,,0,0,,,,,,,,,,,,,,,,,,,,,,,,,,,,,,,,,,12,1198.31,1507.58,4320.19,5367.39,1431.77,3077,2354.08,7104.23
499,206-207,2954.894,5550,0,0,0,0,0,0,0,0,0,0,0,0,0,0,0,0,0,0,0,0,0,0,0,0,0,0,0,0,0,0,0,0,0,0,0,0,0,1,1,1,1,1,1,1,1
500,207-206,,,,0,0,,,,,,,,,,,,,,,,,,,,,,,,,,,,,,,,,,0,1,1,1,1,1,1,1,1
501,206-208,78815.691,5550,0,1,0,0,0,2,0,9,0,0,0,0,0,0,1,0,0,0,0,0,0,0,0,0,0,0,0,0,0,3,0,0,3,0,0,0,68,903.66,1238.03,3294.93,4216.84,1020.38,2499.67,1693.78,5328.19
502,208-206,,,,0,0,,,,,,,,,,,,,,,,,,,,,,,,,,,,,,,,,,90,1198.31,1507.58,4320.19,5367.39,1431.77,3077,2354.08,7104.23
503,204-202,51728.164,5500,0,0,0,0,0,1,0,4,0,0,0,0,0,0,2,0,0,0,0,0,0,0,0,0,0,0,0,0,0,4,0,0,1,3,0,3,60,2042.45,1666.05,5832.64,7146.75,2748.69,3525.84,2540.97,5046.39
504,202-204,,,,1,0,,,,,,,,,,,,,,,,,,,,,,,,,,,,,,,,,,58,1727.34,1588.15,5456.04,6563.87,2353.9,3186.9,2511.36,4642.88
505,202-203,3018.142,5500,0,0,0,0,0,0,0,0,0,0,0,0,0,0,0,0,0,0,0,0,0,0,0,0,0,0,0,0,0,0,0,0,0,0,0,0,0,1,1,1,1,1,1,1,1
506,203-202,,,,0,0,,,,,,,,,,,,,,,,,,,,,,,,,,,,,,,,,,0,1,1,1,1,1,1,1,1
507,202-200,34520.934,5500,0,0,0,0,0,1,3,3,0,0,0,0,0,0,1,0,0,0,0,0,2,0,0,1,0,0,0,0,0,2,0,0,0,0,0,0,31,2042.45,1666.05,5832.64,7146.75,2748.69,3525.84,2540.97,5046.39
508,200-202,,,,0,0,,,,,,,,,,,,,,,,,,,,,,,,,,,,,,,,,,36,1727.34,1588.15,5456.04,6563.87,2353.9,3186.9,2511.36,4642.88
509,200-201,3018.969,5500,0,0,0,0,0,0,0,0,0,0,0,0,0,0,0,0,0,0,0,0,0,0,0,0,0,0,0,0,0,0,0,0,0,0,0,0,0,1,1,1,1,1,1,1,1
510,201-200,,,,0,0,,,,,,,,,,,,,,,,,,,,,,,,,,,,,,,,,,0,1,1,1,1,1,1,1,1
511,200-199,16713.593,5500,0,0,0,0,0,2,0,3,0,0,1,0,0,0,1,0,0,0,0,0,2,0,0,0,0,0,0,0,0,1,0,0,2,0,0,0,18,2042.45,1666.05,5832.64,7146.75,2748.69,3525.84,2540.97,5046.39
512,199-200,,,,0,0,,,,,,,,,,,,,,,,,,,,,,,,,,,,,,,,,,22,1727.34,1588.15,5456.04,6563.87,2353.9,3186.9,2511.36,4642.88
513,193-194,50981.081,1140,1,5,3,0,2,9,0,9,0,0,0,0,3,0,3,0,0,0,0,0,0,0,0,0,0,0,0,1,0,1,2,0,2,0,0,0,71,2501.44,2157.65,7005.21,8159.72,4299.63,4906.68,3787.76,7921.78
514,194-193,,,,2,1,,,,,,,,,,,,,,,,,,,,,,,,,,,,,,,,,,56,1929.57,1613.81,6236.43,7709.31,2081.71,3794.42,2100.86,5449.81
515,194-195,2038.503,1250,1,0,0,0,2,0,0,0,0,0,0,0,0,0,0,0,0,0,0,0,0,0,0,0,0,0,0,0,0,0,0,0,0,0,0,0,0,1,1,1,1,1,1,1,1
516,195-194,,,,0,0,,,,,,,,,,,,,,,,,,,,,,,,,,,,,,,,,,0,1,1,1,1,1,1,1,1
517,194-196,37026.536,1250,1,1,5,0,2,8,0,8,0,0,0,0,0,0,0,0,0,0,0,0,0,0,0,0,0,0,0,1,0,1,0,0,0,0,0,0,41,2501.44,2157.65,7005.21,8159.72,4299.63,4906.68,3787.76,7921.78
518,196-194,,,,0,1,,,,,,,,,,,,,,,,,,,,,,,,,,,,,,,,,,34,1929.57,1613.81,6236.43,7709.31,2081.71,3794.42,2100.86,5449.81
519,196-197,1292.284,930,1,0,0,0,2,0,0,0,0,0,0,0,0,0,0,0,0,0,0,0,0,0,0,0,0,0,0,0,0,0,0,0,0,0,0,0,0,1,1,1,1,1,1,1,1
520,197-196,,,,0,0,,,,,,,,,,,,,,,,,,,,,,,,,,,,,,,,,,0,1,1,1,1,1,1,1,1
521,196-198,11920.761,930,1,0,0,0,2,3,0,3,0,0,0,0,1,0,1,0,0,0,0,0,0,0,0,0,0,0,0,0,0,0,0,0,0,0,0,0,17,2501.44,2157.65,7005.21,8159.72,4299.63,4906.68,3787.76,7921.78
522,198-196,,,,0,0,,,,,,,,,,,,,,,,,,,,,,,,,,,,,,,,,,20,1929.57,1613.81,6236.43,7709.31,2081.71,3794.42,2100.86,5449.81
523,188-187,97760.068,890,1,3,0,0,0,13,0,13,0,0,0,0,5,0,5,0,0,0,0,0,0,0,0,0,2,0,2,0,0,0,0,0,0,0,0,0,129,3605.79,2643.44,8665.57,10083.94,3796.7,5477.67,3298.56,7709.29
524,187-188,,,,2,3,,,,,,,,,,,,,,,,,,,,,,,,,,,,,,,,,,93,1080.65,973.27,3862.46,4789.85,1396.02,2222.18,1444.74,3508
525,183-184,77543.357,620,1,5,3,0,0,6,6,12,0,0,0,0,2,0,2,0,0,0,0,1,1,0,0,0,1,0,1,0,0,0,1,1,2,1,0,1,112,2580.83,2152.04,7620.22,8409.07,5369.03,4784.57,4342.52,7629.35
526,184-183,,,,1,1,,,,,,,,,,,,,,,,,,,,,,,,,,,,,,,,,,81,1889.14,1562.54,4990.14,6211.23,875.44,3580.89,935.89,2567.54
527,184-185,1025.025,1670,1,0,0,0,0,0,0,0,0,0,0,0,0,0,0,0,0,0,0,0,0,0,0,0,0,0,0,0,0,0,0,0,0,0,0,0,0,1,1,1,1,1,1,1,1
528,185-184,,,,0,0,,,,,,,,,,,,,,,,,,,,,,,,,,,,,,,,,,0,1,1,1,1,1,1,1,1
529,184-186,20930.545,1670,1,0,0,0,0,1,2,3,0,0,0,0,1,0,1,0,0,0,0,0,0,0,0,0,0,0,0,0,0,0,0,1,1,0,0,0,14,2580.83,2152.04,7620.22,8409.07,5369.03,4784.57,4342.52,7629.35
530,186-184,,,,0,1,,,,,,,,,,,,,,,,,,,,,,,,,,,,,,,,,,11,1889.14,1562.54,4990.14,6211.23,875.44,3580.89,935.89,2567.54
531,182-181,97807.2,2270,1,2,0,0,3,8,4,14,0,0,0,1,0,0,0,0,0,0,0,0,8,0,0,3,0,10,28,0,0,0,0,0,1,0,0,0,123,2675.05,1709.56,6538.27,7104.75,2932.42,2761.6,2438.96,4348.19
532,181-182,,,,5,3,,,,,,,,,,,,,,,,,,,,,,,,,,,,,,,,,,91,1307.47,1523.09,3014.61,3529.2,2935.25,3800.13,2564.82,5787.26
535,59-204,5556.19,3300,0,0,0,0,0,0,0,0,0,0,0,0,0,0,0,0,0,0,0,0,0,0,0,0,0,0,0,0,0,0,0,0,0,0,0,0,0,1,1,1,1,1,1,1,1
536,204-59,,,,0,0,,,,,,,,,,,,,,,,,,,,,,,,,,,,,,,,,,0,1,1,1,1,1,1,1,1
539,46-205,5488.59,3300,0,0,0,0,0,0,0,0,0,0,0,0,0,0,0,0,0,0,0,0,0,0,0,0,0,0,0,0,0,0,0,0,0,0,0,0,0,1,1,1,1,1,1,1,1
540,205-46,,,,0,0,,,,,,,,,,,,,,,,,,,,,,,,,,,,,,,,,,0,1,1,1,1,1,1,1,1